-- phpMyAdmin SQL Dump
-- version 4.8.2
-- https://www.phpmyadmin.net/
--
-- Host: 127.0.0.1
-- Waktu pembuatan: 14 Mar 2019 pada 08.07
-- Versi server: 10.1.34-MariaDB
-- Versi PHP: 5.6.37

SET SQL_MODE = "NO_AUTO_VALUE_ON_ZERO";
SET AUTOCOMMIT = 0;
START TRANSACTION;
SET time_zone = "+00:00";


/*!40101 SET @OLD_CHARACTER_SET_CLIENT=@@CHARACTER_SET_CLIENT */;
/*!40101 SET @OLD_CHARACTER_SET_RESULTS=@@CHARACTER_SET_RESULTS */;
/*!40101 SET @OLD_COLLATION_CONNECTION=@@COLLATION_CONNECTION */;
/*!40101 SET NAMES utf8mb4 */;

--
-- Database: `surat`
--

-- --------------------------------------------------------

--
-- Struktur dari tabel `buku_tamu`
--

CREATE TABLE `buku_tamu` (
  `id` int(11) NOT NULL,
  `nama` varchar(50) NOT NULL,
  `email` varchar(50) NOT NULL,
  `pesan` text NOT NULL,
  `tanggal` datetime NOT NULL
) ENGINE=InnoDB DEFAULT CHARSET=latin1;

--
-- Dumping data untuk tabel `buku_tamu`
--

INSERT INTO `buku_tamu` (`id`, `nama`, `email`, `pesan`, `tanggal`) VALUES
(12, 'Jeihan', 'jei@mail.com', '<p><strong>Bold,</strong></p><p><em>Italic,</em></p><p><u>Underline,</u></p><p><s>Strike</s></p><h1><s>header</s><span class=\"ql-cursor\">﻿</span></h1>', '2019-03-13 04:20:00'),
(13, 'Tester', 'tester@mail.com', '<ol><li>hai gimana?</li><li>gapapa kok</li></ol>', '2019-03-14 04:21:00'),
(14, 'Hi', 'hs@mail.com', '<p class=\"ql-align-center\"><span style=\"color: rgb(153, 51, 255);\">Hehe Gimana </span><strong style=\"color: rgb(153, 51, 255);\">Kita?</strong></p>', '2019-03-15 04:24:00'),
(16, 'Wassup', 'wassup@mail.com', '<h1>Wassup Boy?</h1><p class=\"ql-align-justify\">gapapa</p>', '2019-03-13 05:21:00'),
(17, 'Uya', 'uya@mail.com', '<p><strong>Wkwkwkwkw</strong></p><p><strong>s<u>hehehee</u></strong></p>', '2019-03-13 05:29:00'),
(18, 'ajskaj', 'asa@mail.com', '<ul><li>jsaksja</li><li>asajska</li><li>asas</li><li><span style=\"color: rgb(107, 36, 178);\">ass</span></li></ul>', '2019-03-13 05:29:00'),
(19, 'asa', 'gg@mail.com', '<p><strong>sssss</strong></p><p><s>asass</s></p>', '2019-03-13 05:42:00');

-- --------------------------------------------------------

--
-- Struktur dari tabel `instansi`
--

CREATE TABLE `instansi` (
  `id_instansi` int(11) NOT NULL,
  `nama_instansi` varchar(100) NOT NULL,
  `alamat` varchar(255) NOT NULL,
  `created_user` int(11) NOT NULL,
  `created_date` timestamp NOT NULL DEFAULT CURRENT_TIMESTAMP,
  `updated_user` int(11) DEFAULT NULL,
  `updated_date` datetime DEFAULT NULL
) ENGINE=InnoDB DEFAULT CHARSET=latin1;

--
-- Dumping data untuk tabel `instansi`
--

INSERT INTO `instansi` (`id_instansi`, `nama_instansi`, `alamat`, `created_user`, `created_date`, `updated_user`, `updated_date`) VALUES
(1, 'PIHAK EKSTERN', 'Dari luar KPP Malang Utara', 1, '2018-12-13 07:08:05', 1, '2019-01-17 10:57:16'),
(3, 'Kanwil DJP Jawa Timur III', 'Jl. Letjen S. Parman 100, Malang', 1, '2018-12-31 00:32:24', NULL, NULL),
(4, 'Kantor Pusat Direktorat Jenderal Pajak', 'Jl. Gatot Subroto 40- 42, Jakarta', 1, '2018-12-31 00:32:44', 1, '2018-12-31 07:33:08'),
(5, 'INTERN KPP PRATAMA MALANG UTARA', 'Jl. JA Suprapto 29, Malang', 1, '2019-01-09 04:33:12', NULL, NULL);

--
-- Trigger `instansi`
--
DELIMITER $$
CREATE TRIGGER `instansi_insert` AFTER INSERT ON `instansi` FOR EACH ROW BEGIN
INSERT INTO sys_audit_trail (username,action,description) VALUES (NEW.created_user,'Insert',CONCAT('<b>Insert</b> data instansi pada tabel <b>instansi</b>.<br><b>[ID Instansi : </b>',NEW.id_instansi,'<b>][Nama Instansi : </b>',NEW.nama_instansi,'<b>][Alamat : </b>',NEW.alamat,'<b>]</b>' ));
END
$$
DELIMITER ;
DELIMITER $$
CREATE TRIGGER `instansi_update` AFTER UPDATE ON `instansi` FOR EACH ROW BEGIN
INSERT INTO sys_audit_trail (username,action,description) VALUES (NEW.updated_user,'Update',CONCAT('<b>Update</b> data instansi pada tabel <b>instansi</b>.<br><b>Data Lama = [ID Instansi : </b>',OLD.id_instansi,'<b>][Nama Instansi : </b>',OLD.nama_instansi,'<b>][Alamat : </b>',OLD.alamat,'<b>],<br> Data Baru = [ID Instansi : </b>',NEW.id_instansi,'<b>][Nama Instansi : </b>',NEW.nama_instansi,'<b>][Alamat : </b>',NEW.alamat,'<b>]</b>' ));
END
$$
DELIMITER ;

-- --------------------------------------------------------

--
-- Struktur dari tabel `is_kotakberkas`
--

CREATE TABLE `is_kotakberkas` (
  `kode_kotakberkas` varchar(7) NOT NULL,
  `kode_lemari` varchar(2) NOT NULL,
  `kode_rak` varchar(2) NOT NULL,
  `keterangan` varchar(50) DEFAULT NULL,
  `arsip_kotakberkas` varchar(255) DEFAULT NULL,
  `created_user` int(11) NOT NULL,
  `created_date` timestamp NOT NULL DEFAULT CURRENT_TIMESTAMP,
  `updated_user` int(11) NOT NULL,
  `updated_date` timestamp NOT NULL DEFAULT CURRENT_TIMESTAMP ON UPDATE CURRENT_TIMESTAMP
) ENGINE=InnoDB DEFAULT CHARSET=latin1 ROW_FORMAT=COMPACT;

--
-- Dumping data untuk tabel `is_kotakberkas`
--

INSERT INTO `is_kotakberkas` (`kode_kotakberkas`, `kode_lemari`, `kode_rak`, `keterangan`, `arsip_kotakberkas`, `created_user`, `created_date`, `updated_user`, `updated_date`) VALUES
('B000001', 'A', '1', 'berisi 72 map berkas Wajib Pajak', NULL, 4, '2018-04-11 00:33:10', 4, '2018-04-12 02:07:30'),
('B000002', 'A', '1', 'LAIN-LAIN', NULL, 4, '2018-04-13 07:23:47', 4, '2018-04-13 07:23:47'),
('B000003', 'A', '1', 'berisi 67 map berkas Wajib Pajak', NULL, 4, '2018-04-13 07:29:56', 4, '2018-04-14 06:32:24'),
('B000004', 'A', '1', 'LAIN-LAIN', NULL, 4, '2018-04-13 09:15:10', 4, '2018-04-13 09:15:10'),
('B000005', 'A', '1', 'berisi 72 map berkas Wajib Pajak', NULL, 4, '2018-04-13 09:15:32', 4, '2018-04-14 06:33:12'),
('B000006', 'A', '1', 'BERISI 128 MAP BERKAS WAJIB PAJAK', NULL, 4, '2018-04-16 03:54:17', 4, '2018-04-16 06:43:41'),
('B000007', 'A', '1', 'LAIN-LAIN', NULL, 4, '2018-04-16 03:54:39', 4, '2018-04-16 03:54:39'),
('B000008', 'A', '1', 'LAIN-LAIN berisi 79 Wajib Pajak', NULL, 4, '2018-04-16 06:46:09', 4, '2018-04-19 01:09:19'),
('B000009', 'A', '1', 'BERISI 77 MAP BERKAS WAJIB PAJAK', NULL, 4, '2018-04-16 06:49:11', 4, '2018-04-16 07:55:42'),
('B000010', 'A', '1', 'LAIN-LAIN berisi 92 map berkas Wajib Pajak', NULL, 4, '2018-04-16 07:47:22', 4, '2018-04-19 01:08:35'),
('B000011', 'A', '1', 'BERISI 104 MAP BERKAS WAJIB PAJAK', NULL, 4, '2018-04-16 07:59:59', 4, '2018-04-16 09:00:11'),
('B000012', 'A', '1', 'LAIN-LAIN', NULL, 4, '2018-04-17 05:41:58', 4, '2018-04-17 05:41:58'),
('B000013', 'A', '2', 'LAIN-LAIN', NULL, 4, '2018-04-17 05:42:46', 4, '2018-04-17 05:42:46'),
('B000014', 'A', '2', 'BERISI 46 MAP BERKAS WAJIB PAJAK', NULL, 4, '2018-04-17 05:43:08', 4, '2018-04-17 06:13:27'),
('B000015', 'A', '2', 'LAIN-LAIN', NULL, 4, '2018-04-17 06:16:02', 4, '2018-04-17 06:16:02'),
('B000016', 'A', '2', 'LAIN-LAIN', NULL, 4, '2018-04-17 06:54:58', 4, '2018-04-17 06:54:58'),
('B000017', 'A', '2', 'LAIN-LAIN', NULL, 4, '2018-04-19 07:42:58', 4, '2018-04-19 07:42:58'),
('B000018', 'A', '2', 'LAIN-LAIN', NULL, 4, '2018-04-19 08:15:25', 4, '2018-04-19 08:15:25'),
('B000019', 'A', '2', 'LAIN-LAIN', NULL, 4, '2018-04-19 08:50:20', 4, '2018-04-19 08:50:20'),
('B000020', 'A', '2', 'LAIN-LAIN', NULL, 4, '2018-04-19 08:53:31', 4, '2018-04-19 08:53:31'),
('B000021', 'A', '2', 'LAIN-LAIN', NULL, 4, '2018-04-23 03:40:14', 4, '2018-04-23 03:40:14'),
('B000022', 'A', '2', 'LAIN-LAIN', NULL, 4, '2018-04-23 03:41:03', 4, '2018-04-23 03:41:03'),
('B000023', 'A', '2', 'LAIN-LAIN', NULL, 4, '2018-04-23 04:09:40', 4, '2018-04-23 04:09:40'),
('B000024', 'A', '2', 'LAIN-LAIN', NULL, 4, '2018-04-23 04:25:15', 4, '2018-04-23 04:25:15'),
('B000025', 'A', '3', 'LAIN-LAIN', NULL, 4, '2018-04-23 04:50:31', 4, '2018-04-23 04:50:31'),
('B000026', 'A', '3', 'LAIN-LAIN', NULL, 4, '2018-04-23 05:59:32', 4, '2018-04-23 05:59:32'),
('B000027', 'A', '3', 'LAIN-LAIN', NULL, 4, '2018-04-23 06:20:40', 4, '2018-04-23 06:20:40'),
('B000028', 'A', '3', 'LAIN-LAIN', NULL, 4, '2018-04-23 06:36:24', 4, '2018-04-23 06:36:24'),
('B000029', 'A', '3', 'LAIN-LAIN', NULL, 4, '2018-04-23 06:54:11', 4, '2018-04-23 06:54:11'),
('B000030', 'A', '3', 'LAIN-LAIN', NULL, 4, '2018-04-23 07:17:04', 4, '2018-04-23 07:17:04'),
('B000031', 'A', '3', 'LAIN-LAINS', NULL, 4, '2018-04-23 07:29:07', 4, '2018-04-23 07:31:11'),
('B000032', 'A', '3', 'LAIN-LAIN', NULL, 4, '2018-04-23 07:51:19', 4, '2018-04-23 07:51:19'),
('B000033', 'a', '3', 'lain-lain', NULL, 4, '2018-04-23 08:26:27', 4, '2018-04-23 08:26:27'),
('B000034', 'A', '3', 'LAIN-LAIN', NULL, 4, '2018-04-23 08:28:44', 4, '2018-04-23 08:28:44'),
('B000035', 'A', '3', 'LAIN-LAIN', NULL, 4, '2018-04-23 09:03:15', 4, '2018-04-23 09:03:15'),
('B000036', 'A', '3', 'LAIN-LAIN', NULL, 4, '2018-04-23 09:10:11', 4, '2018-04-23 09:10:11'),
('B000037', 'A', '4', 'LAIN-LAIN', NULL, 4, '2018-04-24 03:32:33', 4, '2018-04-24 03:32:33'),
('B000038', 'A', '4', 'LAIN-LAIN', NULL, 4, '2018-04-24 03:33:41', 4, '2018-04-24 03:33:41'),
('B000039', 'A', '4', 'LAIN-LAIN', NULL, 4, '2018-04-24 04:00:19', 4, '2018-04-24 04:00:19'),
('B000040', 'A', '4', 'LAIN-LAIN', NULL, 4, '2018-04-24 04:01:16', 4, '2018-04-24 04:01:16'),
('B000041', 'A', '4', 'LAIN-LAIN', NULL, 4, '2018-04-24 04:23:47', 4, '2018-04-24 04:23:47'),
('B000042', 'A', '4', 'LAIN-LAIN', NULL, 4, '2018-04-24 04:24:36', 4, '2018-04-24 04:24:36'),
('B000043', 'A', '4', 'LAIN-LAIN', NULL, 4, '2018-04-24 06:07:27', 4, '2018-04-24 06:07:27'),
('B000044', 'A', '4', 'LAIN-LAIN', NULL, 4, '2018-04-24 06:08:43', 4, '2018-04-24 06:08:43'),
('B000045', 'A', '4', 'LAIN-LAIN', NULL, 4, '2018-04-24 06:37:22', 4, '2018-04-24 06:37:22'),
('B000046', 'A', '4', 'LAIN-LAIN', NULL, 4, '2018-04-24 06:38:57', 4, '2018-04-24 06:38:57'),
('B000047', 'A', '4', 'LAIN-LAIN', NULL, 4, '2018-04-24 07:06:29', 4, '2018-04-24 07:06:29'),
('B000048', 'A', '4', 'LAIN-LAIN', NULL, 4, '2018-04-24 07:07:08', 4, '2018-04-24 07:07:08'),
('B000049', 'B', '1', 'LAIN-LAIN', NULL, 4, '2018-04-25 04:21:07', 4, '2018-04-25 04:46:05'),
('B000050', 'B', '1', 'LAIN-LAIN', NULL, 4, '2018-04-25 04:24:58', 4, '2018-04-25 04:24:58'),
('B000051', 'B', '1', 'LAIN-LAIN', NULL, 4, '2018-04-25 04:45:51', 4, '2018-04-25 04:45:51'),
('B000052', 'B', '1', 'LAIN-LAIN', NULL, 4, '2018-04-25 04:50:26', 4, '2018-04-25 04:50:26'),
('B000053', 'B', '1', 'LAIN-LAIN', NULL, 4, '2018-04-25 06:21:45', 4, '2018-04-25 06:21:45'),
('B000054', 'B', '1', 'LAIN-LAIN', NULL, 4, '2018-04-25 06:22:03', 4, '2018-04-25 06:22:03'),
('B000055', 'B', '1', 'LAIN-LAIN', NULL, 4, '2018-04-25 06:46:00', 4, '2018-04-25 06:46:00'),
('B000056', 'B', '1', 'LAIN-LAIN', NULL, 4, '2018-04-25 06:54:32', 4, '2018-04-25 06:54:32'),
('B000057', 'B', '1', 'LAIN-LAIN', NULL, 4, '2018-04-25 07:19:05', 4, '2018-04-25 07:19:05'),
('B000058', 'B', '1', 'LAIN-LAIN', NULL, 4, '2018-04-25 07:23:03', 4, '2018-04-25 07:23:03'),
('B000059', 'B', '1', 'LAIN-LAIN', NULL, 4, '2018-04-25 07:51:17', 4, '2018-04-25 07:51:17'),
('B000060', 'B', '1', 'LAIN-LAIN', NULL, 4, '2018-04-25 07:55:44', 4, '2018-04-25 07:55:44'),
('B000061', 'B', '1', 'LAIN-LAIN', NULL, 4, '2018-04-25 08:25:37', 4, '2018-04-25 08:25:37'),
('B000062', 'B', '1', 'LAIN-LAIN', NULL, 4, '2018-04-25 08:28:35', 4, '2018-04-25 08:28:35'),
('B000063', 'B', '1', 'LAIN-LAIN', NULL, 4, '2018-04-26 07:33:44', 4, '2018-04-26 07:33:44'),
('B000064', 'B', '1', 'LAIN-LAIN', NULL, 4, '2018-04-26 07:37:50', 4, '2018-04-26 07:37:50'),
('B000065', 'B', '2', 'LAIN-LAIN', NULL, 4, '2018-04-26 08:03:56', 4, '2018-04-26 08:03:56'),
('B000066', 'B', '2', 'LAIN-LAIN', NULL, 4, '2018-04-26 08:16:12', 4, '2018-04-26 08:16:12'),
('B000067', 'B', '2', 'LAIN-LAIN', NULL, 4, '2018-04-26 08:39:18', 4, '2018-04-26 08:39:18'),
('B000068', 'B', '2', 'LAIN-LAIN', NULL, 4, '2018-04-26 08:47:11', 4, '2018-04-26 08:47:11'),
('B000069', 'B', '2', 'LAIN-LAIN', NULL, 4, '2018-04-26 09:07:31', 4, '2018-04-26 09:07:31'),
('B000070', 'B', '2', 'LAIN-LAIN', NULL, 4, '2018-04-26 09:21:54', 4, '2018-04-26 09:21:54'),
('B000071', 'B', '2', 'LAIN-LAIN', NULL, 4, '2018-04-26 09:54:25', 4, '2018-04-26 09:54:25'),
('B000072', 'B', '2', 'LAIN-LAIN', NULL, 4, '2018-04-26 09:54:34', 4, '2018-04-26 09:54:34'),
('B000073', 'B', '2', 'LAIN-LAIN', NULL, 4, '2018-05-02 07:03:08', 4, '2018-05-02 07:03:08'),
('B000074', 'B', '2', 'LAIN-LAIN', NULL, 4, '2018-05-02 07:03:55', 4, '2018-05-02 07:03:55'),
('B000075', 'B', '2', 'LAIN-LAIN', NULL, 4, '2018-05-02 07:32:46', 4, '2018-05-02 07:32:46'),
('B000076', 'B', '2', 'LAIN-LAIN', NULL, 4, '2018-05-02 07:32:56', 4, '2018-05-02 07:32:56'),
('B000077', 'B', '2', 'LAIN-LAIN', NULL, 4, '2018-05-02 08:04:50', 4, '2018-05-02 08:04:50'),
('B000078', 'B', '2', 'LAIN-LAIN', NULL, 4, '2018-05-02 08:05:25', 4, '2018-05-02 08:05:25'),
('B000079', 'B', '2', 'LAIN-LAIN', NULL, 4, '2018-05-02 08:29:23', 4, '2018-05-02 08:29:23'),
('B000080', 'B', '2', 'LAIN-LAIN', NULL, 4, '2018-05-02 08:35:14', 4, '2018-05-02 08:35:14'),
('B000081', 'B', '3', 'LAIN-LAIN', NULL, 4, '2018-05-02 08:55:45', 4, '2018-05-02 08:55:45'),
('B000082', 'B', '3', 'LAIN-LAIN', NULL, 4, '2018-05-02 09:09:50', 4, '2018-05-02 09:09:50'),
('B000083', 'B', '3', 'LAIN-LAIN', NULL, 4, '2018-05-02 09:40:35', 4, '2018-05-02 09:40:35'),
('B000084', 'B', '3', 'LAIN-LAIN', NULL, 4, '2018-05-02 09:51:56', 4, '2018-05-02 09:51:56'),
('B000085', 'B', '3', 'LAIN-LAIN', NULL, 4, '2018-05-03 06:32:36', 4, '2018-05-03 06:32:36'),
('B000086', 'B', '3', 'LAIN-LAIN', NULL, 4, '2018-05-03 06:32:48', 4, '2018-05-03 06:32:48'),
('B000087', 'B', '3', 'LAIN-LAIN', NULL, 4, '2018-05-03 07:11:25', 4, '2018-05-03 07:11:25'),
('B000088', 'B', '3', 'LAIN-LAIN', NULL, 4, '2018-05-03 07:11:34', 4, '2018-05-03 07:11:34'),
('B000089', 'B', '3', 'LAIN-LAIN', NULL, 4, '2018-05-03 07:31:51', 4, '2018-05-03 07:31:51'),
('B000090', 'B', '3', 'LAIN-LAIN', NULL, 4, '2018-05-03 07:48:26', 4, '2018-05-03 07:48:26'),
('B000091', 'B', '3', 'LAIN-LAIN', NULL, 4, '2018-05-03 07:52:49', 4, '2018-05-03 07:52:49'),
('B000092', 'B', '3', 'LAIN-LAIN', NULL, 4, '2018-05-03 08:03:05', 4, '2018-05-03 08:03:05'),
('B000093', 'B', '3', 'LAIN-LAIN', NULL, 4, '2018-05-03 08:07:05', 4, '2018-05-03 08:07:05'),
('B000094', 'B', '3', 'LAIN-LAIN', NULL, 4, '2018-05-03 08:17:06', 4, '2018-05-03 08:17:06'),
('B000095', 'B', '3', 'LAIN-LAIN', NULL, 4, '2018-05-03 08:18:58', 4, '2018-05-03 08:18:58'),
('B000096', 'B', '3', 'LAIN-LAIN', NULL, 4, '2018-05-03 08:28:20', 4, '2018-05-03 08:28:20'),
('B000097', 'B', '4', 'LAIN-LAIN', NULL, 4, '2018-05-03 08:35:11', 4, '2018-05-03 08:35:11'),
('B000098', 'B', '4', 'LAIN-LAIN', NULL, 4, '2018-05-03 08:42:12', 4, '2018-05-03 08:42:12'),
('B000099', 'B', '4', 'LAIN-LAIN', NULL, 4, '2018-05-03 08:56:31', 4, '2018-05-03 08:56:31'),
('B000100', 'B', '4', 'LAIN-LAIN', NULL, 4, '2018-05-03 08:56:55', 4, '2018-05-03 08:56:55'),
('B000101', 'B', '4', 'LAIN-LAIN', NULL, 4, '2018-05-03 09:13:29', 4, '2018-05-03 09:13:29'),
('B000102', 'B', '4', 'LAIN-LAIN', NULL, 4, '2018-05-03 09:14:32', 4, '2018-05-03 09:14:32'),
('B000103', 'B', '4', 'LAIN-LAIN', NULL, 4, '2018-05-03 09:31:20', 4, '2018-05-03 09:31:20'),
('B000104', 'B', '4', 'LAIN-LAIN', NULL, 4, '2018-05-03 09:34:51', 4, '2018-05-03 09:34:51'),
('B000105', 'B', '4', 'LAIN-LAIN', NULL, 4, '2018-05-07 02:42:09', 4, '2018-05-07 02:42:09'),
('B000106', 'B', '4', 'LAIN-LAIN', NULL, 4, '2018-05-07 02:43:41', 4, '2018-05-07 02:43:41'),
('B000107', 'B', '4', 'LAIN-LAIN', NULL, 4, '2018-05-07 02:59:24', 4, '2018-05-07 02:59:24'),
('B000108', 'B', '4', 'LAIN-LAIN', NULL, 4, '2018-05-07 02:59:31', 4, '2018-05-07 02:59:31'),
('B000109', 'B', '4', 'LAIN-LAIN', NULL, 4, '2018-05-07 03:18:00', 4, '2018-05-07 03:18:00'),
('B000110', 'B', '4', 'LAIN-LAIN', NULL, 4, '2018-05-07 03:18:24', 4, '2018-05-07 03:18:24'),
('B000111', 'B', '4', 'LAIN-LAIN', NULL, 4, '2018-05-07 03:34:35', 4, '2018-05-07 03:34:35'),
('B000112', 'B', '4', 'LAIN-LAIN', NULL, 4, '2018-05-07 03:38:27', 4, '2018-05-07 03:38:27'),
('B000113', 'C', '1', 'LAIN-LAIN', NULL, 4, '2018-05-07 03:52:13', 4, '2018-05-07 03:52:13'),
('B000114', 'C', '1', 'LAIN-LAIN', NULL, 4, '2018-05-07 03:57:44', 4, '2018-05-07 03:57:44'),
('B000115', 'C', '1', 'LAIN-LAIN', NULL, 4, '2018-05-07 04:10:19', 4, '2018-05-07 04:10:19'),
('B000116', 'C', '1', 'LAIN-LAIN', NULL, 4, '2018-05-07 04:14:41', 4, '2018-05-07 04:14:41'),
('B000117', 'C', '1', 'LAIN-LAIN', NULL, 4, '2018-05-07 04:26:52', 4, '2018-05-07 04:26:52'),
('B000118', 'C', '1', 'LAIN-LAIN', NULL, 4, '2018-05-07 04:31:51', 4, '2018-05-07 04:31:51'),
('B000119', 'C', '1', 'LAIN-LAIN', NULL, 4, '2018-05-07 04:45:22', 4, '2018-05-07 04:45:22'),
('B000120', 'C', '1', 'LAIN-LAIN', NULL, 4, '2018-05-07 04:57:09', 4, '2018-05-07 04:57:09'),
('B000121', 'C', '1', 'LAIN-LAIN', NULL, 4, '2018-05-07 05:59:49', 4, '2018-05-07 05:59:49'),
('B000122', 'C', '1', 'LAIN-LAIN', NULL, 4, '2018-05-07 06:10:07', 4, '2018-05-07 06:10:07'),
('B000123', 'C', '1', 'LAIN-LAIN', NULL, 4, '2018-05-07 06:17:43', 4, '2018-05-07 06:17:43'),
('B000124', 'C', '1', 'LAIN-LAIN', NULL, 4, '2018-05-07 06:22:19', 4, '2018-05-07 06:22:19'),
('B000125', 'C', '1', 'LAIN-LAIN', NULL, 4, '2018-05-07 06:33:49', 4, '2018-05-07 06:33:49'),
('B000126', 'C', '1', 'LAIN-LAIN', NULL, 4, '2018-05-07 06:37:39', 4, '2018-05-07 06:37:39'),
('B000127', 'C', '1', 'LAIN-LAIN', NULL, 4, '2018-05-07 06:49:30', 4, '2018-05-07 06:49:30'),
('B000128', 'C', '1', 'LAIN-LAIN', NULL, 4, '2018-05-07 06:51:29', 4, '2018-05-07 06:51:29'),
('B000129', 'C', '2', 'LAIN-LAIN', NULL, 4, '2018-05-07 07:03:46', 4, '2018-05-07 07:03:46'),
('B000130', 'C', '2', 'LAIN-LAIN', NULL, 4, '2018-05-07 07:06:02', 4, '2018-05-07 07:06:02'),
('B000131', 'C', '2', 'LAIN-LAIN', NULL, 4, '2018-05-07 07:18:59', 4, '2018-05-07 07:18:59'),
('B000132', 'C', '2', 'LAIN-LAIN', NULL, 4, '2018-05-07 07:19:12', 4, '2018-05-07 07:19:12'),
('B000133', 'C', '2', 'LAIN-LAIN', NULL, 4, '2018-05-09 06:55:39', 4, '2018-05-09 06:55:53'),
('B000134', 'C', '2', 'LAIN-LAIN', NULL, 4, '2018-05-09 07:09:50', 4, '2018-05-09 07:09:50'),
('B000135', 'C', '2', 'LAIN-LAIN', NULL, 4, '2018-05-09 07:40:48', 4, '2018-05-09 07:40:48'),
('B000136', 'C', '2', 'LAIN-LAIN', NULL, 4, '2018-05-09 07:41:05', 4, '2018-05-09 07:41:05'),
('B000137', 'C', '2', 'LAIN-LAIN', NULL, 4, '2018-05-09 07:51:18', 4, '2018-05-09 07:51:58'),
('B000138', 'C', '2', 'LAIN-LAIN', NULL, 4, '2018-05-09 07:53:04', 4, '2018-05-09 07:53:04'),
('B000139', 'C', '2', 'LAIN-LAIN', NULL, 4, '2018-05-09 08:04:05', 4, '2018-05-09 08:04:05'),
('B000140', 'C', '2', 'LAIN-LAIN', NULL, 4, '2018-05-09 08:05:02', 4, '2018-05-09 08:05:02'),
('B000141', 'C', '2', 'LAIN-LAIN', NULL, 4, '2018-05-09 08:22:12', 4, '2018-05-09 08:22:12'),
('B000142', 'C', '2', 'LAIN-LAIN', NULL, 4, '2018-05-09 08:22:42', 4, '2018-05-09 08:22:42'),
('B000143', 'C', '2', 'lain-lain', NULL, 4, '2018-05-09 08:24:43', 4, '2018-05-09 08:24:43'),
('B000144', 'C', '2', 'LAIN-LAIN', NULL, 4, '2018-05-09 08:31:44', 4, '2018-05-09 08:32:10'),
('B000145', 'C', '3', 'LAIN-LAIN', NULL, 4, '2018-05-09 08:43:21', 4, '2018-05-09 08:43:21'),
('B000146', 'C', '3', 'LAIN-LAIN', NULL, 4, '2018-05-09 08:45:28', 4, '2018-05-09 08:45:28'),
('B000147', 'C', '3', 'LAIN-LAIN', NULL, 4, '2018-05-09 08:58:45', 4, '2018-05-09 08:58:45'),
('B000148', 'C', '3', 'LAIN-LAIN', NULL, 4, '2018-05-09 09:04:35', 4, '2018-05-09 09:04:35'),
('B000149', 'C', '3', 'LAIN-LAIN', NULL, 4, '2018-05-09 09:07:29', 4, '2018-05-09 09:07:29'),
('B000150', 'C', '3', 'LAIN-LAIN', NULL, 4, '2018-05-09 09:19:57', 4, '2018-05-09 09:19:57'),
('B000151', 'C', '3', 'LAIN-LAIN', NULL, 4, '2018-05-09 09:22:26', 4, '2018-05-09 09:22:26'),
('B000152', 'C', '3', 'LAIN-LAIN', NULL, 4, '2018-05-09 09:26:24', 4, '2018-05-09 09:26:24'),
('B000153', 'C', '3', 'LAIN-LAIN', NULL, 4, '2018-05-09 09:26:35', 4, '2018-05-09 09:26:35'),
('B000154', 'C', '3', 'LAIN-LAIN', NULL, 4, '2018-05-09 09:43:26', 4, '2018-05-09 09:43:26'),
('B000155', 'C', '3', 'LAIN-LAIN', NULL, 4, '2018-05-09 09:44:16', 4, '2018-05-09 09:44:16'),
('B000156', 'C', '3', 'LAIN-LAIN', NULL, 4, '2018-05-09 09:49:26', 4, '2018-05-09 09:49:26'),
('B000157', 'C', '3', 'LAIN-LAIN', NULL, 4, '2018-05-09 09:59:50', 4, '2018-05-09 09:59:50'),
('B000158', 'C', '3', 'LAIN-LAIN', NULL, 4, '2018-05-09 10:00:19', 4, '2018-05-09 10:00:19'),
('B000159', 'C', '3', 'LAIN-LAIN', NULL, 4, '2018-05-09 10:12:57', 4, '2018-05-09 10:12:57'),
('B000160', 'C', '3', 'LAIN-LAIN', NULL, 4, '2018-05-09 10:15:16', 4, '2018-05-09 10:15:16'),
('B000161', 'C', '4', 'LAIN-LAIN', NULL, 4, '2018-05-14 01:47:49', 4, '2018-05-14 01:47:49'),
('B000162', 'C', '4', 'LAIN - LAIN', NULL, 4, '2018-05-14 02:31:02', 4, '2018-05-14 02:31:02'),
('B000163', 'C', '4', 'LAIN - LAIN', NULL, 4, '2018-05-14 03:01:43', 4, '2018-05-14 03:01:43'),
('B000164', 'C', '4', 'LAIN - LAIN', NULL, 4, '2018-05-14 03:36:25', 4, '2018-05-14 03:36:25'),
('B000165', 'C', '4', 'LAIN - LAIN', NULL, 4, '2018-05-14 04:08:40', 4, '2018-05-14 04:08:40'),
('B000166', 'C', '4', 'LAIN - LAIN', NULL, 4, '2018-05-14 06:04:39', 4, '2018-05-14 06:04:39'),
('B000167', 'C', '4', 'LAIN - LAIN', NULL, 4, '2018-05-14 06:31:22', 4, '2018-05-14 06:31:22'),
('B000168', 'C', '4', 'LAIN - LAIN', NULL, 4, '2018-05-14 07:15:50', 4, '2018-05-14 07:15:50'),
('B000169', 'C', '4', 'LAIN-LAIN', NULL, 4, '2018-05-14 07:45:47', 4, '2018-05-14 07:45:47'),
('B000170', 'C', '4', 'LAIN-LAIN', NULL, 4, '2018-05-14 07:46:41', 4, '2018-05-14 07:46:41'),
('B000171', 'C', '4', 'LAIN-LAIN', NULL, 4, '2018-05-14 08:03:13', 4, '2018-05-14 08:03:13'),
('B000172', 'C', '4', 'LAIN-LAIN', NULL, 4, '2018-05-14 08:06:25', 4, '2018-05-14 08:06:25'),
('B000173', 'C', '4', 'LAIN-LAIN', NULL, 4, '2018-05-14 08:16:43', 4, '2018-05-14 08:16:43'),
('B000174', 'C', '4', 'LAIN-LAIN', NULL, 4, '2018-05-14 08:21:12', 4, '2018-05-14 08:21:12'),
('B000175', 'C', '4', 'LAIN-LAIN', NULL, 4, '2018-05-14 08:27:16', 4, '2018-05-14 08:27:16'),
('B000176', 'C', '4', 'LAIN-LAIN', NULL, 4, '2018-05-14 08:40:08', 4, '2018-05-14 08:40:08'),
('B000177', 'D', '1', 'LAIN-LAIN', NULL, 4, '2018-05-14 08:47:51', 4, '2018-05-14 08:47:51'),
('B000178', 'D', '1', 'LAIN-LAIN', NULL, 4, '2018-05-14 08:54:08', 4, '2018-05-14 08:54:08'),
('B000179', 'D', '1', 'LAIN-LAIN', NULL, 4, '2018-05-14 09:00:03', 4, '2018-05-14 09:00:03'),
('B000180', 'D', '1', 'LAIN-LAIN', NULL, 4, '2018-05-14 09:04:04', 4, '2018-05-14 09:04:04'),
('B000181', 'D', '1', 'LAIN-LAIN', NULL, 4, '2018-05-14 09:13:32', 4, '2018-05-14 09:13:32'),
('B000182', 'D', '1', 'LAIN-LAIN', NULL, 4, '2018-05-14 09:20:40', 4, '2018-05-14 09:20:40'),
('B000183', 'D', '1', 'LAIN-LAIN', NULL, 4, '2018-05-14 09:49:43', 4, '2018-05-14 09:49:43'),
('B000184', 'D', '1', 'LAIN-LAIN', NULL, 4, '2018-05-14 09:50:06', 4, '2018-05-14 09:50:06'),
('B000185', 'D', '1', 'LAIN-LAIN', NULL, 4, '2018-05-14 09:58:06', 4, '2018-05-14 09:58:06'),
('B000186', 'D', '1', 'LAIN - LAIN', NULL, 4, '2018-05-14 09:58:56', 4, '2018-05-14 09:58:56'),
('B000187', 'D', '1', 'LAIN-LAIN', NULL, 4, '2018-05-14 10:00:56', 4, '2018-05-14 10:00:56'),
('B000188', 'D', '1', 'LAIN-LAIN', NULL, 4, '2018-05-14 10:17:58', 4, '2018-05-14 10:17:58'),
('B000189', 'D', '1', 'LAIN-LAIN', NULL, 4, '2018-05-14 10:21:34', 4, '2018-05-14 10:21:34'),
('B000190', 'D', '1', 'LAIN-LAIN', NULL, 4, '2018-05-14 10:21:46', 4, '2018-05-14 10:21:46'),
('B000191', 'D', '1', 'LAIN - LAIN', NULL, 4, '2018-05-15 00:54:21', 4, '2018-05-15 00:54:21'),
('B000192', 'D', '1', 'LAIN - LAIN', NULL, 4, '2018-05-15 01:25:32', 4, '2018-05-15 01:25:32'),
('B000193', 'D', '2', 'LAIN - LAIN', NULL, 4, '2018-05-15 01:55:10', 4, '2018-05-15 01:55:10'),
('B000194', 'D', '2', 'LAIN - LAIN', NULL, 4, '2018-05-15 02:19:48', 4, '2018-05-15 02:19:48'),
('B000195', 'D', '2', 'LAIN - LAIN', NULL, 4, '2018-05-15 02:53:42', 4, '2018-05-15 02:53:42'),
('B000196', 'D', '2', 'LAIN - LAIN', NULL, 4, '2018-05-15 03:28:41', 4, '2018-05-15 03:28:41'),
('B000197', 'D', '2', 'LAIN - LAIN', NULL, 4, '2018-05-15 03:56:45', 4, '2018-05-15 03:56:45'),
('B000198', 'D', '2', 'LAIN - LAIN', NULL, 4, '2018-05-15 06:12:37', 4, '2018-05-15 06:12:37'),
('B000199', 'D', '2', 'LAIN - LAIN', NULL, 4, '2018-05-15 06:36:52', 4, '2018-05-15 06:36:52'),
('B000200', 'D', '2', 'LAIN - LAIN', NULL, 4, '2018-05-15 07:04:19', 4, '2018-05-15 07:04:19'),
('B000201', 'D', '2', 'LAIN-LAIN', NULL, 4, '2018-05-15 07:28:46', 4, '2018-05-15 07:28:46'),
('B000202', 'D', '2', 'LAIN-LAIN', NULL, 4, '2018-05-15 07:29:00', 4, '2018-05-15 07:29:00'),
('B000203', 'D', '2', 'LAIN-LAIN', NULL, 4, '2018-05-15 07:29:11', 4, '2018-05-15 07:29:11'),
('B000204', 'D', '2', 'LAIN-LAIN', NULL, 4, '2018-05-15 07:29:38', 4, '2018-05-15 07:29:38'),
('B000205', 'D', '2', 'LAIN-LAIN', NULL, 4, '2018-05-15 07:54:45', 4, '2018-05-15 07:54:45'),
('B000206', 'D', '2', 'LAIN-LAIN', NULL, 4, '2018-05-15 07:55:39', 4, '2018-05-15 07:55:39'),
('B000207', 'D', '2', 'LAIN-LAIN', NULL, 4, '2018-05-15 08:15:31', 4, '2018-05-15 08:15:31'),
('B000208', 'D', '2', 'LAIN-LAIN', NULL, 4, '2018-05-15 08:15:41', 4, '2018-05-15 08:15:41'),
('B000209', 'D', '3', 'LAIN LAIN', NULL, 4, '2018-05-15 08:19:23', 4, '2018-05-15 08:21:26'),
('B000210', 'D', '3', 'LAIN-LAIN', NULL, 4, '2018-05-15 08:20:32', 4, '2018-05-15 08:20:32'),
('B000211', 'D', '3', 'LAIN - LAIN', NULL, 4, '2018-05-15 08:33:33', 4, '2018-05-15 08:33:33'),
('B000212', 'D', '3', 'LAIN - LAIN', NULL, 4, '2018-05-15 08:34:10', 4, '2018-05-15 08:34:10'),
('B000213', 'D', '3', 'LAIN-LAIN', NULL, 4, '2018-05-15 08:41:31', 4, '2018-05-15 08:41:31'),
('B000214', 'D', '3', 'LAIN-LAIN', NULL, 4, '2018-05-15 08:41:40', 4, '2018-05-15 08:41:40'),
('B000215', 'D', '3', 'LAIN-LAIN', NULL, 4, '2018-05-15 08:43:21', 4, '2018-05-15 08:43:21'),
('B000216', 'D', '3', 'LAIN-LAIN', NULL, 4, '2018-05-15 08:43:41', 4, '2018-05-15 08:43:41'),
('B000217', 'D', '3', 'LAIN-LAIN', NULL, 4, '2018-05-15 08:43:57', 4, '2018-05-15 08:43:57'),
('B000218', 'D', '3', 'LAIN-LAIN', NULL, 4, '2018-05-15 08:47:46', 4, '2018-05-15 08:47:46'),
('B000219', 'D', '3', 'LAIN-LAIN', NULL, 4, '2018-05-15 08:48:01', 4, '2018-05-15 08:48:01'),
('B000220', 'D', '3', 'LAIN-LAIN', NULL, 4, '2018-05-15 08:48:18', 4, '2018-05-15 08:48:18'),
('B000221', 'D', '3', 'LAIN - LAIN', NULL, 4, '2018-05-15 09:11:46', 4, '2018-05-15 09:11:46'),
('B000222', 'D', '3', 'LAIN-LAIN', NULL, 4, '2018-05-15 09:16:58', 4, '2018-05-15 09:16:58'),
('B000223', 'D', '3', 'LAIN-LAIN', NULL, 4, '2018-05-15 09:17:20', 4, '2018-05-15 09:17:20'),
('B000224', 'D', '3', 'LAIN-LAIN', NULL, 4, '2018-05-15 09:17:33', 4, '2018-05-15 09:17:33'),
('B000225', 'D', '4', 'LAIN-LAIN', NULL, 4, '2018-05-15 09:33:18', 4, '2018-05-15 09:33:18'),
('B000226', 'D', '4', 'LAIN-LAIN', NULL, 4, '2018-05-15 09:33:27', 4, '2018-05-15 09:33:27'),
('B000227', 'D', '4', 'LAIN-LAIN', NULL, 4, '2018-05-15 10:05:22', 4, '2018-05-15 10:05:22'),
('B000228', 'D', '4', 'LAIN-LAIN', NULL, 4, '2018-05-15 10:05:42', 4, '2018-05-15 10:05:42'),
('B000229', 'D', '4', 'LAIN-LAIN', NULL, 4, '2018-05-15 10:23:06', 4, '2018-05-15 10:23:06'),
('B000230', 'D', '4', 'LAIN - LAIN', NULL, 4, '2018-05-16 01:41:00', 4, '2018-05-16 01:41:00'),
('B000231', 'D', '4', 'LAIN-LAIN', NULL, 4, '2018-05-16 02:35:55', 4, '2018-05-16 02:35:55'),
('B000232', 'D', '4', 'LAIN-LAIN', NULL, 4, '2018-05-16 02:36:08', 4, '2018-05-16 02:36:08'),
('B000233', 'D', '4', 'LAIN-LAIN', NULL, 4, '2018-05-16 02:36:25', 4, '2018-05-16 02:36:25'),
('B000234', 'D', '4', 'LAIN-LAIN', NULL, 4, '2018-05-16 02:37:43', 4, '2018-05-16 02:37:43'),
('B000235', 'D', '4', 'LAIN-LAIN', NULL, 4, '2018-05-16 02:37:52', 4, '2018-05-16 02:37:52'),
('B000236', 'D', '4', 'LAIN-LAIN', NULL, 4, '2018-05-16 03:12:17', 4, '2018-05-16 03:12:17'),
('B000237', 'D', '4', 'LAIN-LAIN', NULL, 4, '2018-05-16 03:12:25', 4, '2018-05-16 03:12:25'),
('B000238', 'D', '4', 'LAIN - LAIN', NULL, 4, '2018-05-16 03:12:40', 4, '2018-05-16 03:12:40'),
('B000239', 'D', '4', 'LAIN-LAIN', NULL, 4, '2018-05-16 03:39:39', 4, '2018-05-16 04:16:20'),
('B000240', 'D', '4', 'LAIN-LAIN', NULL, 4, '2018-05-16 03:41:49', 4, '2018-05-16 03:41:49'),
('B000241', 'E', '1', 'LAIN-LAIN', NULL, 4, '2018-05-16 03:42:06', 4, '2018-05-16 03:42:06'),
('B000242', 'E', '1', 'LAIN-LAIN', NULL, 4, '2018-05-16 04:06:08', 4, '2018-05-16 04:06:08'),
('B000243', 'E', '1', 'LAIN-LAIN', NULL, 4, '2018-05-16 04:16:31', 4, '2018-05-16 04:16:31'),
('B000244', 'E', '1', 'LAIN-LAIN', NULL, 4, '2018-05-16 04:16:47', 4, '2018-05-16 04:16:47'),
('B000245', 'E', '1', 'LAIN-LAIN', NULL, 4, '2018-05-16 06:04:51', 4, '2018-05-16 06:04:51'),
('B000246', 'E', '1', 'LAIN-LAIN', NULL, 4, '2018-05-16 06:05:11', 4, '2018-05-16 06:05:11'),
('B000247', 'E', '1', 'LAIN-LAIN', NULL, 4, '2018-05-16 06:15:26', 4, '2018-05-16 06:48:30'),
('B000248', 'E', '1', 'LAIN-LAIN', NULL, 4, '2018-05-16 06:50:37', 4, '2018-05-16 06:50:37'),
('B000249', 'E', '1', 'LAIN - LAIN', NULL, 4, '2018-05-16 06:50:46', 4, '2018-05-16 06:50:46'),
('B000250', 'E', '1', 'LAIN-LAIN', NULL, 4, '2018-05-16 07:18:11', 4, '2018-05-16 07:18:11'),
('B000251', 'E', '1', 'LAIN-LAIN', NULL, 4, '2018-05-16 07:23:18', 4, '2018-05-16 07:23:18'),
('B000252', 'E', '1', 'LAIN-LAIN', NULL, 4, '2018-05-16 07:46:05', 4, '2018-05-16 07:46:05'),
('B000253', 'E', '1', 'LAIN - LAIN', NULL, 4, '2018-05-16 08:23:46', 4, '2018-05-16 08:23:46'),
('B000254', 'E', '1', 'LAIN - LAIN', NULL, 4, '2018-05-17 01:05:20', 4, '2018-05-17 01:05:20'),
('B000255', 'E', '1', 'LAIN - LAIN', NULL, 4, '2018-05-17 02:02:57', 4, '2018-05-17 02:02:57'),
('B000256', 'E', '1', 'LAIN - LAIN', NULL, 4, '2018-05-17 02:50:15', 4, '2018-05-17 02:50:15'),
('B000257', 'E', '2', 'LAIN - LAIN', NULL, 4, '2018-05-17 03:39:07', 4, '2018-05-17 03:39:07'),
('B000258', 'E', '2', 'LAIN - LAIN', NULL, 4, '2018-05-17 04:21:19', 4, '2018-05-17 04:21:19'),
('B000259', 'E', '2', 'LAIN - LAIN', NULL, 4, '2018-05-17 06:34:35', 4, '2018-05-17 06:34:35'),
('B000260', 'E', '2', 'LAIN - LAIN', NULL, 4, '2018-05-17 07:21:57', 4, '2018-05-17 07:21:57'),
('B000261', 'E', '2', 'LAIN - LAIN', NULL, 4, '2018-05-18 00:57:22', 4, '2018-05-18 00:57:22'),
('B000262', 'E', '2', 'LAIN - LAIN', NULL, 4, '2018-05-18 01:35:16', 4, '2018-05-18 01:35:16'),
('B000263', 'E', '2', 'LAIN - LAIN', NULL, 4, '2018-05-18 02:13:15', 4, '2018-05-18 02:13:15'),
('B000264', 'E', '2', 'LAIN - LAIN', NULL, 4, '2018-05-18 02:55:24', 4, '2018-05-18 02:55:24'),
('B000265', 'E', '2', 'LAIN - LAIN', NULL, 4, '2018-05-18 03:36:57', 4, '2018-05-18 03:36:57'),
('B000266', 'E', '2', 'LAIN - LAIN', NULL, 4, '2018-05-18 06:14:09', 4, '2018-05-18 06:14:09'),
('B000267', 'E', '2', 'LAIN - LAIN', NULL, 4, '2018-05-18 07:01:36', 4, '2018-05-18 07:01:36'),
('B000268', 'E', '2', 'LAIN - LAIN', NULL, 4, '2018-05-21 00:46:08', 4, '2018-05-21 00:46:08'),
('B000269', 'E', '2', 'LAIN - LAIN', NULL, 4, '2018-05-21 01:35:30', 4, '2018-05-21 01:35:30'),
('B000270', 'E', '2', 'LAIN - LAIN', NULL, 4, '2018-05-21 02:22:21', 4, '2018-05-21 02:22:21'),
('B000271', 'E', '2', 'LAIN - LAIN', NULL, 4, '2018-05-21 03:55:38', 4, '2018-05-21 03:55:38'),
('B000272', 'E', '2', 'LAIN-LAIN', NULL, 4, '2018-05-21 06:42:43', 4, '2018-05-21 06:43:07'),
('B000273', 'E', '3', 'LAIN-LAIN', NULL, 4, '2018-05-21 06:44:15', 4, '2018-05-21 06:44:15'),
('B000274', 'E', '3', 'LAIN-LAIN', NULL, 4, '2018-05-21 06:44:32', 4, '2018-05-21 06:44:32'),
('B000275', 'E', '3', 'LAIN-LAIN', NULL, 4, '2018-05-21 06:44:49', 4, '2018-05-21 06:44:49'),
('B000276', 'E', '3', 'LAIN-LAIN', NULL, 4, '2018-05-21 06:45:02', 4, '2018-05-21 06:45:02'),
('B000277', 'E', '3', 'LAIN-LAIN', NULL, 4, '2018-05-21 06:45:33', 4, '2018-05-21 06:45:33'),
('B000278', 'E', '3', 'LAIN-LAIN', NULL, 4, '2018-05-21 07:32:49', 4, '2018-05-21 07:32:49'),
('B000279', 'E', '3', 'LAIN-LAIN', NULL, 4, '2018-05-21 08:01:37', 4, '2018-05-21 08:01:37'),
('B000280', 'E', '3', 'LAIN-LAIN', NULL, 4, '2018-05-21 08:14:11', 4, '2018-05-21 08:14:11'),
('B000281', 'E', '3', 'LAIN-LAIN', NULL, 4, '2018-05-21 08:14:31', 4, '2018-05-21 08:14:31'),
('B000282', 'E', '3', 'LAIN-LAIN', NULL, 4, '2018-05-21 08:14:52', 4, '2018-05-21 08:14:52'),
('B000283', 'E', '3', 'LAIN-LAIN', NULL, 4, '2018-05-21 08:15:12', 4, '2018-05-21 08:15:12'),
('B000284', 'E', '3', 'LAIN-LAIN', NULL, 4, '2018-05-21 08:15:25', 4, '2018-05-21 08:15:25'),
('B000285', 'E', '3', 'STP TAHUN 2017', NULL, 4, '2018-05-23 01:07:04', 4, '2018-05-23 01:07:04'),
('B000286', 'E', '3', 'STP TAHUN 2017', NULL, 4, '2018-05-24 03:43:13', 4, '2018-05-24 03:43:13'),
('B000287', 'E', '3', 'STP TAHUN 2017', NULL, 4, '2018-05-28 03:45:19', 4, '2018-06-05 04:03:58'),
('B000288', 'E', '3', 'STP TAHUN 2017', NULL, 4, '2018-06-04 02:20:23', 4, '2018-06-04 02:20:23'),
('B000289', 'E', '4', 'STP TAHUN 2017', NULL, 4, '2018-06-05 06:09:21', 4, '2018-06-05 06:09:21'),
('B000290', 'E', '4', 'STP TAHUN 2017', NULL, 4, '2018-06-08 00:54:20', 4, '2018-06-08 00:54:20'),
('B000291', 'E', '4', 'STP TAHUN 2017', NULL, 4, '2018-06-25 04:23:36', 4, '2018-06-25 04:23:36'),
('B000292', 'E', '4', 'STP SKPKB', NULL, 4, '2018-08-03 02:23:56', 4, '2018-08-03 02:23:56'),
('B000293', 'E', '04', 'STP SKPKB', NULL, 4, '2018-08-13 03:20:54', 4, '2018-08-13 03:20:54'),
('B000294', 'E', '04', 'STP SKPKB', NULL, 4, '2018-08-30 02:04:38', 4, '2018-08-30 02:04:38');

-- --------------------------------------------------------

--
-- Struktur dari tabel `is_kotakberkas_copy`
--

CREATE TABLE `is_kotakberkas_copy` (
  `kode_kotakberkas` varchar(7) NOT NULL,
  `kode_lemari` varchar(2) NOT NULL,
  `kode_rak` varchar(2) NOT NULL,
  `keterangan` varchar(50) DEFAULT NULL,
  `arsip_kotakberkas` varchar(255) DEFAULT NULL,
  `created_user` int(11) NOT NULL,
  `created_date` timestamp NOT NULL DEFAULT CURRENT_TIMESTAMP,
  `updated_user` int(11) NOT NULL,
  `updated_date` timestamp NOT NULL DEFAULT CURRENT_TIMESTAMP ON UPDATE CURRENT_TIMESTAMP
) ENGINE=InnoDB DEFAULT CHARSET=latin1 ROW_FORMAT=COMPACT;

--
-- Dumping data untuk tabel `is_kotakberkas_copy`
--

INSERT INTO `is_kotakberkas_copy` (`kode_kotakberkas`, `kode_lemari`, `kode_rak`, `keterangan`, `arsip_kotakberkas`, `created_user`, `created_date`, `updated_user`, `updated_date`) VALUES
('B000001', 'A', '1', 'berisi 72 map berkas Wajib Pajak', NULL, 4, '2018-04-11 00:33:10', 4, '2018-04-12 02:07:30'),
('B000002', 'A', '1', 'LAIN-LAIN', NULL, 4, '2018-04-13 07:23:47', 4, '2018-04-13 07:23:47'),
('B000003', 'A', '1', 'berisi 67 map berkas Wajib Pajak', NULL, 4, '2018-04-13 07:29:56', 4, '2018-04-14 06:32:24'),
('B000004', 'A', '1', 'LAIN-LAIN', NULL, 4, '2018-04-13 09:15:10', 4, '2018-04-13 09:15:10'),
('B000005', 'A', '1', 'berisi 72 map berkas Wajib Pajak', NULL, 4, '2018-04-13 09:15:32', 4, '2018-04-14 06:33:12'),
('B000006', 'A', '1', 'BERISI 128 MAP BERKAS WAJIB PAJAK', NULL, 4, '2018-04-16 03:54:17', 4, '2018-04-16 06:43:41'),
('B000007', 'A', '1', 'LAIN-LAIN', NULL, 4, '2018-04-16 03:54:39', 4, '2018-04-16 03:54:39'),
('B000008', 'A', '1', 'LAIN-LAIN berisi 79 Wajib Pajak', NULL, 4, '2018-04-16 06:46:09', 4, '2018-04-19 01:09:19'),
('B000009', 'A', '1', 'BERISI 77 MAP BERKAS WAJIB PAJAK', NULL, 4, '2018-04-16 06:49:11', 4, '2018-04-16 07:55:42'),
('B000010', 'A', '1', 'LAIN-LAIN berisi 92 map berkas Wajib Pajak', NULL, 4, '2018-04-16 07:47:22', 4, '2018-04-19 01:08:35'),
('B000011', 'A', '1', 'BERISI 104 MAP BERKAS WAJIB PAJAK', NULL, 4, '2018-04-16 07:59:59', 4, '2018-04-16 09:00:11'),
('B000012', 'A', '1', 'LAIN-LAIN', NULL, 4, '2018-04-17 05:41:58', 4, '2018-04-17 05:41:58'),
('B000013', 'A', '2', 'LAIN-LAIN', NULL, 4, '2018-04-17 05:42:46', 4, '2018-04-17 05:42:46'),
('B000014', 'A', '2', 'BERISI 46 MAP BERKAS WAJIB PAJAK', NULL, 4, '2018-04-17 05:43:08', 4, '2018-04-17 06:13:27'),
('B000015', 'A', '2', 'LAIN-LAIN', NULL, 4, '2018-04-17 06:16:02', 4, '2018-04-17 06:16:02'),
('B000016', 'A', '2', 'LAIN-LAIN', NULL, 4, '2018-04-17 06:54:58', 4, '2018-04-17 06:54:58'),
('B000017', 'A', '2', 'LAIN-LAIN', NULL, 4, '2018-04-19 07:42:58', 4, '2018-04-19 07:42:58'),
('B000018', 'A', '2', 'LAIN-LAIN', NULL, 4, '2018-04-19 08:15:25', 4, '2018-04-19 08:15:25'),
('B000019', 'A', '2', 'LAIN-LAIN', NULL, 4, '2018-04-19 08:50:20', 4, '2018-04-19 08:50:20'),
('B000020', 'A', '2', 'LAIN-LAIN', NULL, 4, '2018-04-19 08:53:31', 4, '2018-04-19 08:53:31'),
('B000021', 'A', '2', 'LAIN-LAIN', NULL, 4, '2018-04-23 03:40:14', 4, '2018-04-23 03:40:14'),
('B000022', 'A', '2', 'LAIN-LAIN', NULL, 4, '2018-04-23 03:41:03', 4, '2018-04-23 03:41:03'),
('B000023', 'A', '2', 'LAIN-LAIN', NULL, 4, '2018-04-23 04:09:40', 4, '2018-04-23 04:09:40'),
('B000024', 'A', '2', 'LAIN-LAIN', NULL, 4, '2018-04-23 04:25:15', 4, '2018-04-23 04:25:15'),
('B000025', 'A', '3', 'LAIN-LAIN', NULL, 4, '2018-04-23 04:50:31', 4, '2018-04-23 04:50:31'),
('B000026', 'A', '3', 'LAIN-LAIN', NULL, 4, '2018-04-23 05:59:32', 4, '2018-04-23 05:59:32'),
('B000027', 'A', '3', 'LAIN-LAIN', NULL, 4, '2018-04-23 06:20:40', 4, '2018-04-23 06:20:40'),
('B000028', 'A', '3', 'LAIN-LAIN', NULL, 4, '2018-04-23 06:36:24', 4, '2018-04-23 06:36:24'),
('B000029', 'A', '3', 'LAIN-LAIN', NULL, 4, '2018-04-23 06:54:11', 4, '2018-04-23 06:54:11'),
('B000030', 'A', '3', 'LAIN-LAIN', NULL, 4, '2018-04-23 07:17:04', 4, '2018-04-23 07:17:04'),
('B000031', 'A', '3', 'LAIN-LAINS', NULL, 4, '2018-04-23 07:29:07', 4, '2018-04-23 07:31:11'),
('B000032', 'A', '3', 'LAIN-LAIN', NULL, 4, '2018-04-23 07:51:19', 4, '2018-04-23 07:51:19'),
('B000033', 'a', '3', 'lain-lain', NULL, 4, '2018-04-23 08:26:27', 4, '2018-04-23 08:26:27'),
('B000034', 'A', '3', 'LAIN-LAIN', NULL, 4, '2018-04-23 08:28:44', 4, '2018-04-23 08:28:44'),
('B000035', 'A', '3', 'LAIN-LAIN', NULL, 4, '2018-04-23 09:03:15', 4, '2018-04-23 09:03:15'),
('B000036', 'A', '3', 'LAIN-LAIN', NULL, 4, '2018-04-23 09:10:11', 4, '2018-04-23 09:10:11'),
('B000037', 'A', '4', 'LAIN-LAIN', NULL, 4, '2018-04-24 03:32:33', 4, '2018-04-24 03:32:33'),
('B000038', 'A', '4', 'LAIN-LAIN', NULL, 4, '2018-04-24 03:33:41', 4, '2018-04-24 03:33:41'),
('B000039', 'A', '4', 'LAIN-LAIN', NULL, 4, '2018-04-24 04:00:19', 4, '2018-04-24 04:00:19'),
('B000040', 'A', '4', 'LAIN-LAIN', NULL, 4, '2018-04-24 04:01:16', 4, '2018-04-24 04:01:16'),
('B000041', 'A', '4', 'LAIN-LAIN', NULL, 4, '2018-04-24 04:23:47', 4, '2018-04-24 04:23:47'),
('B000042', 'A', '4', 'LAIN-LAIN', NULL, 4, '2018-04-24 04:24:36', 4, '2018-04-24 04:24:36'),
('B000043', 'A', '4', 'LAIN-LAIN', NULL, 4, '2018-04-24 06:07:27', 4, '2018-04-24 06:07:27'),
('B000044', 'A', '4', 'LAIN-LAIN', NULL, 4, '2018-04-24 06:08:43', 4, '2018-04-24 06:08:43'),
('B000045', 'A', '4', 'LAIN-LAIN', NULL, 4, '2018-04-24 06:37:22', 4, '2018-04-24 06:37:22'),
('B000046', 'A', '4', 'LAIN-LAIN', NULL, 4, '2018-04-24 06:38:57', 4, '2018-04-24 06:38:57'),
('B000047', 'A', '4', 'LAIN-LAIN', NULL, 4, '2018-04-24 07:06:29', 4, '2018-04-24 07:06:29'),
('B000048', 'A', '4', 'LAIN-LAIN', NULL, 4, '2018-04-24 07:07:08', 4, '2018-04-24 07:07:08'),
('B000049', 'B', '1', 'LAIN-LAIN', NULL, 4, '2018-04-25 04:21:07', 4, '2018-04-25 04:46:05'),
('B000050', 'B', '1', 'LAIN-LAIN', NULL, 4, '2018-04-25 04:24:58', 4, '2018-04-25 04:24:58'),
('B000051', 'B', '1', 'LAIN-LAIN', NULL, 4, '2018-04-25 04:45:51', 4, '2018-04-25 04:45:51'),
('B000052', 'B', '1', 'LAIN-LAIN', NULL, 4, '2018-04-25 04:50:26', 4, '2018-04-25 04:50:26'),
('B000053', 'B', '1', 'LAIN-LAIN', NULL, 4, '2018-04-25 06:21:45', 4, '2018-04-25 06:21:45'),
('B000054', 'B', '1', 'LAIN-LAIN', NULL, 4, '2018-04-25 06:22:03', 4, '2018-04-25 06:22:03'),
('B000055', 'B', '1', 'LAIN-LAIN', NULL, 4, '2018-04-25 06:46:00', 4, '2018-04-25 06:46:00'),
('B000056', 'B', '1', 'LAIN-LAIN', NULL, 4, '2018-04-25 06:54:32', 4, '2018-04-25 06:54:32'),
('B000057', 'B', '1', 'LAIN-LAIN', NULL, 4, '2018-04-25 07:19:05', 4, '2018-04-25 07:19:05'),
('B000058', 'B', '1', 'LAIN-LAIN', NULL, 4, '2018-04-25 07:23:03', 4, '2018-04-25 07:23:03'),
('B000059', 'B', '1', 'LAIN-LAIN', NULL, 4, '2018-04-25 07:51:17', 4, '2018-04-25 07:51:17'),
('B000060', 'B', '1', 'LAIN-LAIN', NULL, 4, '2018-04-25 07:55:44', 4, '2018-04-25 07:55:44'),
('B000061', 'B', '1', 'LAIN-LAIN', NULL, 4, '2018-04-25 08:25:37', 4, '2018-04-25 08:25:37'),
('B000062', 'B', '1', 'LAIN-LAIN', NULL, 4, '2018-04-25 08:28:35', 4, '2018-04-25 08:28:35'),
('B000063', 'B', '1', 'LAIN-LAIN', NULL, 4, '2018-04-26 07:33:44', 4, '2018-04-26 07:33:44'),
('B000064', 'B', '1', 'LAIN-LAIN', NULL, 4, '2018-04-26 07:37:50', 4, '2018-04-26 07:37:50'),
('B000065', 'B', '2', 'LAIN-LAIN', NULL, 4, '2018-04-26 08:03:56', 4, '2018-04-26 08:03:56'),
('B000066', 'B', '2', 'LAIN-LAIN', NULL, 4, '2018-04-26 08:16:12', 4, '2018-04-26 08:16:12'),
('B000067', 'B', '2', 'LAIN-LAIN', NULL, 4, '2018-04-26 08:39:18', 4, '2018-04-26 08:39:18'),
('B000068', 'B', '2', 'LAIN-LAIN', NULL, 4, '2018-04-26 08:47:11', 4, '2018-04-26 08:47:11'),
('B000069', 'B', '2', 'LAIN-LAIN', NULL, 4, '2018-04-26 09:07:31', 4, '2018-04-26 09:07:31'),
('B000070', 'B', '2', 'LAIN-LAIN', NULL, 4, '2018-04-26 09:21:54', 4, '2018-04-26 09:21:54'),
('B000071', 'B', '2', 'LAIN-LAIN', NULL, 4, '2018-04-26 09:54:25', 4, '2018-04-26 09:54:25'),
('B000072', 'B', '2', 'LAIN-LAIN', NULL, 4, '2018-04-26 09:54:34', 4, '2018-04-26 09:54:34'),
('B000073', 'B', '2', 'LAIN-LAIN', NULL, 4, '2018-05-02 07:03:08', 4, '2018-05-02 07:03:08'),
('B000074', 'B', '2', 'LAIN-LAIN', NULL, 4, '2018-05-02 07:03:55', 4, '2018-05-02 07:03:55'),
('B000075', 'B', '2', 'LAIN-LAIN', NULL, 4, '2018-05-02 07:32:46', 4, '2018-05-02 07:32:46'),
('B000076', 'B', '2', 'LAIN-LAIN', NULL, 4, '2018-05-02 07:32:56', 4, '2018-05-02 07:32:56'),
('B000077', 'B', '2', 'LAIN-LAIN', NULL, 4, '2018-05-02 08:04:50', 4, '2018-05-02 08:04:50'),
('B000078', 'B', '2', 'LAIN-LAIN', NULL, 4, '2018-05-02 08:05:25', 4, '2018-05-02 08:05:25'),
('B000079', 'B', '2', 'LAIN-LAIN', NULL, 4, '2018-05-02 08:29:23', 4, '2018-05-02 08:29:23'),
('B000080', 'B', '2', 'LAIN-LAIN', NULL, 4, '2018-05-02 08:35:14', 4, '2018-05-02 08:35:14'),
('B000081', 'B', '3', 'LAIN-LAIN', NULL, 4, '2018-05-02 08:55:45', 4, '2018-05-02 08:55:45'),
('B000082', 'B', '3', 'LAIN-LAIN', NULL, 4, '2018-05-02 09:09:50', 4, '2018-05-02 09:09:50'),
('B000083', 'B', '3', 'LAIN-LAIN', NULL, 4, '2018-05-02 09:40:35', 4, '2018-05-02 09:40:35'),
('B000084', 'B', '3', 'LAIN-LAIN', NULL, 4, '2018-05-02 09:51:56', 4, '2018-05-02 09:51:56'),
('B000085', 'B', '3', 'LAIN-LAIN', NULL, 4, '2018-05-03 06:32:36', 4, '2018-05-03 06:32:36'),
('B000086', 'B', '3', 'LAIN-LAIN', NULL, 4, '2018-05-03 06:32:48', 4, '2018-05-03 06:32:48'),
('B000087', 'B', '3', 'LAIN-LAIN', NULL, 4, '2018-05-03 07:11:25', 4, '2018-05-03 07:11:25'),
('B000088', 'B', '3', 'LAIN-LAIN', NULL, 4, '2018-05-03 07:11:34', 4, '2018-05-03 07:11:34'),
('B000089', 'B', '3', 'LAIN-LAIN', NULL, 4, '2018-05-03 07:31:51', 4, '2018-05-03 07:31:51'),
('B000090', 'B', '3', 'LAIN-LAIN', NULL, 4, '2018-05-03 07:48:26', 4, '2018-05-03 07:48:26'),
('B000091', 'B', '3', 'LAIN-LAIN', NULL, 4, '2018-05-03 07:52:49', 4, '2018-05-03 07:52:49'),
('B000092', 'B', '3', 'LAIN-LAIN', NULL, 4, '2018-05-03 08:03:05', 4, '2018-05-03 08:03:05'),
('B000093', 'B', '3', 'LAIN-LAIN', NULL, 4, '2018-05-03 08:07:05', 4, '2018-05-03 08:07:05'),
('B000094', 'B', '3', 'LAIN-LAIN', NULL, 4, '2018-05-03 08:17:06', 4, '2018-05-03 08:17:06'),
('B000095', 'B', '3', 'LAIN-LAIN', NULL, 4, '2018-05-03 08:18:58', 4, '2018-05-03 08:18:58'),
('B000096', 'B', '3', 'LAIN-LAIN', NULL, 4, '2018-05-03 08:28:20', 4, '2018-05-03 08:28:20'),
('B000097', 'B', '4', 'LAIN-LAIN', NULL, 4, '2018-05-03 08:35:11', 4, '2018-05-03 08:35:11'),
('B000098', 'B', '4', 'LAIN-LAIN', NULL, 4, '2018-05-03 08:42:12', 4, '2018-05-03 08:42:12'),
('B000099', 'B', '4', 'LAIN-LAIN', NULL, 4, '2018-05-03 08:56:31', 4, '2018-05-03 08:56:31'),
('B000100', 'B', '4', 'LAIN-LAIN', NULL, 4, '2018-05-03 08:56:55', 4, '2018-05-03 08:56:55'),
('B000101', 'B', '4', 'LAIN-LAIN', NULL, 4, '2018-05-03 09:13:29', 4, '2018-05-03 09:13:29'),
('B000102', 'B', '4', 'LAIN-LAIN', NULL, 4, '2018-05-03 09:14:32', 4, '2018-05-03 09:14:32'),
('B000103', 'B', '4', 'LAIN-LAIN', NULL, 4, '2018-05-03 09:31:20', 4, '2018-05-03 09:31:20'),
('B000104', 'B', '4', 'LAIN-LAIN', NULL, 4, '2018-05-03 09:34:51', 4, '2018-05-03 09:34:51'),
('B000105', 'B', '4', 'LAIN-LAIN', NULL, 4, '2018-05-07 02:42:09', 4, '2018-05-07 02:42:09'),
('B000106', 'B', '4', 'LAIN-LAIN', NULL, 4, '2018-05-07 02:43:41', 4, '2018-05-07 02:43:41'),
('B000107', 'B', '4', 'LAIN-LAIN', NULL, 4, '2018-05-07 02:59:24', 4, '2018-05-07 02:59:24'),
('B000108', 'B', '4', 'LAIN-LAIN', NULL, 4, '2018-05-07 02:59:31', 4, '2018-05-07 02:59:31'),
('B000109', 'B', '4', 'LAIN-LAIN', NULL, 4, '2018-05-07 03:18:00', 4, '2018-05-07 03:18:00'),
('B000110', 'B', '4', 'LAIN-LAIN', NULL, 4, '2018-05-07 03:18:24', 4, '2018-05-07 03:18:24'),
('B000111', 'B', '4', 'LAIN-LAIN', NULL, 4, '2018-05-07 03:34:35', 4, '2018-05-07 03:34:35'),
('B000112', 'B', '4', 'LAIN-LAIN', NULL, 4, '2018-05-07 03:38:27', 4, '2018-05-07 03:38:27'),
('B000113', 'C', '1', 'LAIN-LAIN', NULL, 4, '2018-05-07 03:52:13', 4, '2018-05-07 03:52:13'),
('B000114', 'C', '1', 'LAIN-LAIN', NULL, 4, '2018-05-07 03:57:44', 4, '2018-05-07 03:57:44'),
('B000115', 'C', '1', 'LAIN-LAIN', NULL, 4, '2018-05-07 04:10:19', 4, '2018-05-07 04:10:19'),
('B000116', 'C', '1', 'LAIN-LAIN', NULL, 4, '2018-05-07 04:14:41', 4, '2018-05-07 04:14:41'),
('B000117', 'C', '1', 'LAIN-LAIN', NULL, 4, '2018-05-07 04:26:52', 4, '2018-05-07 04:26:52'),
('B000118', 'C', '1', 'LAIN-LAIN', NULL, 4, '2018-05-07 04:31:51', 4, '2018-05-07 04:31:51'),
('B000119', 'C', '1', 'LAIN-LAIN', NULL, 4, '2018-05-07 04:45:22', 4, '2018-05-07 04:45:22'),
('B000120', 'C', '1', 'LAIN-LAIN', NULL, 4, '2018-05-07 04:57:09', 4, '2018-05-07 04:57:09'),
('B000121', 'C', '1', 'LAIN-LAIN', NULL, 4, '2018-05-07 05:59:49', 4, '2018-05-07 05:59:49'),
('B000122', 'C', '1', 'LAIN-LAIN', NULL, 4, '2018-05-07 06:10:07', 4, '2018-05-07 06:10:07'),
('B000123', 'C', '1', 'LAIN-LAIN', NULL, 4, '2018-05-07 06:17:43', 4, '2018-05-07 06:17:43'),
('B000124', 'C', '1', 'LAIN-LAIN', NULL, 4, '2018-05-07 06:22:19', 4, '2018-05-07 06:22:19'),
('B000125', 'C', '1', 'LAIN-LAIN', NULL, 4, '2018-05-07 06:33:49', 4, '2018-05-07 06:33:49'),
('B000126', 'C', '1', 'LAIN-LAIN', NULL, 4, '2018-05-07 06:37:39', 4, '2018-05-07 06:37:39'),
('B000127', 'C', '1', 'LAIN-LAIN', NULL, 4, '2018-05-07 06:49:30', 4, '2018-05-07 06:49:30'),
('B000128', 'C', '1', 'LAIN-LAIN', NULL, 4, '2018-05-07 06:51:29', 4, '2018-05-07 06:51:29'),
('B000129', 'C', '2', 'LAIN-LAIN', NULL, 4, '2018-05-07 07:03:46', 4, '2018-05-07 07:03:46'),
('B000130', 'C', '2', 'LAIN-LAIN', NULL, 4, '2018-05-07 07:06:02', 4, '2018-05-07 07:06:02'),
('B000131', 'C', '2', 'LAIN-LAIN', NULL, 4, '2018-05-07 07:18:59', 4, '2018-05-07 07:18:59'),
('B000132', 'C', '2', 'LAIN-LAIN', NULL, 4, '2018-05-07 07:19:12', 4, '2018-05-07 07:19:12'),
('B000133', 'C', '2', 'LAIN-LAIN', NULL, 4, '2018-05-09 06:55:39', 4, '2018-05-09 06:55:53'),
('B000134', 'C', '2', 'LAIN-LAIN', NULL, 4, '2018-05-09 07:09:50', 4, '2018-05-09 07:09:50'),
('B000135', 'C', '2', 'LAIN-LAIN', NULL, 4, '2018-05-09 07:40:48', 4, '2018-05-09 07:40:48'),
('B000136', 'C', '2', 'LAIN-LAIN', NULL, 4, '2018-05-09 07:41:05', 4, '2018-05-09 07:41:05'),
('B000137', 'C', '2', 'LAIN-LAIN', NULL, 4, '2018-05-09 07:51:18', 4, '2018-05-09 07:51:58'),
('B000138', 'C', '2', 'LAIN-LAIN', NULL, 4, '2018-05-09 07:53:04', 4, '2018-05-09 07:53:04'),
('B000139', 'C', '2', 'LAIN-LAIN', NULL, 4, '2018-05-09 08:04:05', 4, '2018-05-09 08:04:05'),
('B000140', 'C', '2', 'LAIN-LAIN', NULL, 4, '2018-05-09 08:05:02', 4, '2018-05-09 08:05:02'),
('B000141', 'C', '2', 'LAIN-LAIN', NULL, 4, '2018-05-09 08:22:12', 4, '2018-05-09 08:22:12'),
('B000142', 'C', '2', 'LAIN-LAIN', NULL, 4, '2018-05-09 08:22:42', 4, '2018-05-09 08:22:42'),
('B000143', 'C', '2', 'lain-lain', NULL, 4, '2018-05-09 08:24:43', 4, '2018-05-09 08:24:43'),
('B000144', 'C', '2', 'LAIN-LAIN', NULL, 4, '2018-05-09 08:31:44', 4, '2018-05-09 08:32:10'),
('B000145', 'C', '3', 'LAIN-LAIN', NULL, 4, '2018-05-09 08:43:21', 4, '2018-05-09 08:43:21'),
('B000146', 'C', '3', 'LAIN-LAIN', NULL, 4, '2018-05-09 08:45:28', 4, '2018-05-09 08:45:28'),
('B000147', 'C', '3', 'LAIN-LAIN', NULL, 4, '2018-05-09 08:58:45', 4, '2018-05-09 08:58:45'),
('B000148', 'C', '3', 'LAIN-LAIN', NULL, 4, '2018-05-09 09:04:35', 4, '2018-05-09 09:04:35'),
('B000149', 'C', '3', 'LAIN-LAIN', NULL, 4, '2018-05-09 09:07:29', 4, '2018-05-09 09:07:29'),
('B000150', 'C', '3', 'LAIN-LAIN', NULL, 4, '2018-05-09 09:19:57', 4, '2018-05-09 09:19:57'),
('B000151', 'C', '3', 'LAIN-LAIN', NULL, 4, '2018-05-09 09:22:26', 4, '2018-05-09 09:22:26'),
('B000152', 'C', '3', 'LAIN-LAIN', NULL, 4, '2018-05-09 09:26:24', 4, '2018-05-09 09:26:24'),
('B000153', 'C', '3', 'LAIN-LAIN', NULL, 4, '2018-05-09 09:26:35', 4, '2018-05-09 09:26:35'),
('B000154', 'C', '3', 'LAIN-LAIN', NULL, 4, '2018-05-09 09:43:26', 4, '2018-05-09 09:43:26'),
('B000155', 'C', '3', 'LAIN-LAIN', NULL, 4, '2018-05-09 09:44:16', 4, '2018-05-09 09:44:16'),
('B000156', 'C', '3', 'LAIN-LAIN', NULL, 4, '2018-05-09 09:49:26', 4, '2018-05-09 09:49:26'),
('B000157', 'C', '3', 'LAIN-LAIN', NULL, 4, '2018-05-09 09:59:50', 4, '2018-05-09 09:59:50'),
('B000158', 'C', '3', 'LAIN-LAIN', NULL, 4, '2018-05-09 10:00:19', 4, '2018-05-09 10:00:19'),
('B000159', 'C', '3', 'LAIN-LAIN', NULL, 4, '2018-05-09 10:12:57', 4, '2018-05-09 10:12:57'),
('B000160', 'C', '3', 'LAIN-LAIN', NULL, 4, '2018-05-09 10:15:16', 4, '2018-05-09 10:15:16'),
('B000161', 'C', '4', 'LAIN-LAIN', NULL, 4, '2018-05-14 01:47:49', 4, '2018-05-14 01:47:49'),
('B000162', 'C', '4', 'LAIN - LAIN', NULL, 4, '2018-05-14 02:31:02', 4, '2018-05-14 02:31:02'),
('B000163', 'C', '4', 'LAIN - LAIN', NULL, 4, '2018-05-14 03:01:43', 4, '2018-05-14 03:01:43'),
('B000164', 'C', '4', 'LAIN - LAIN', NULL, 4, '2018-05-14 03:36:25', 4, '2018-05-14 03:36:25'),
('B000165', 'C', '4', 'LAIN - LAIN', NULL, 4, '2018-05-14 04:08:40', 4, '2018-05-14 04:08:40'),
('B000166', 'C', '4', 'LAIN - LAIN', NULL, 4, '2018-05-14 06:04:39', 4, '2018-05-14 06:04:39'),
('B000167', 'C', '4', 'LAIN - LAIN', NULL, 4, '2018-05-14 06:31:22', 4, '2018-05-14 06:31:22'),
('B000168', 'C', '4', 'LAIN - LAIN', NULL, 4, '2018-05-14 07:15:50', 4, '2018-05-14 07:15:50'),
('B000169', 'C', '4', 'LAIN-LAIN', NULL, 4, '2018-05-14 07:45:47', 4, '2018-05-14 07:45:47'),
('B000170', 'C', '4', 'LAIN-LAIN', NULL, 4, '2018-05-14 07:46:41', 4, '2018-05-14 07:46:41'),
('B000171', 'C', '4', 'LAIN-LAIN', NULL, 4, '2018-05-14 08:03:13', 4, '2018-05-14 08:03:13'),
('B000172', 'C', '4', 'LAIN-LAIN', NULL, 4, '2018-05-14 08:06:25', 4, '2018-05-14 08:06:25'),
('B000173', 'C', '4', 'LAIN-LAIN', NULL, 4, '2018-05-14 08:16:43', 4, '2018-05-14 08:16:43'),
('B000174', 'C', '4', 'LAIN-LAIN', NULL, 4, '2018-05-14 08:21:12', 4, '2018-05-14 08:21:12'),
('B000175', 'C', '4', 'LAIN-LAIN', NULL, 4, '2018-05-14 08:27:16', 4, '2018-05-14 08:27:16'),
('B000176', 'C', '4', 'LAIN-LAIN', NULL, 4, '2018-05-14 08:40:08', 4, '2018-05-14 08:40:08'),
('B000177', 'D', '1', 'LAIN-LAIN', NULL, 4, '2018-05-14 08:47:51', 4, '2018-05-14 08:47:51'),
('B000178', 'D', '1', 'LAIN-LAIN', NULL, 4, '2018-05-14 08:54:08', 4, '2018-05-14 08:54:08'),
('B000179', 'D', '1', 'LAIN-LAIN', NULL, 4, '2018-05-14 09:00:03', 4, '2018-05-14 09:00:03'),
('B000180', 'D', '1', 'LAIN-LAIN', NULL, 4, '2018-05-14 09:04:04', 4, '2018-05-14 09:04:04'),
('B000181', 'D', '1', 'LAIN-LAIN', NULL, 4, '2018-05-14 09:13:32', 4, '2018-05-14 09:13:32'),
('B000182', 'D', '1', 'LAIN-LAIN', NULL, 4, '2018-05-14 09:20:40', 4, '2018-05-14 09:20:40'),
('B000183', 'D', '1', 'LAIN-LAIN', NULL, 4, '2018-05-14 09:49:43', 4, '2018-05-14 09:49:43'),
('B000184', 'D', '1', 'LAIN-LAIN', NULL, 4, '2018-05-14 09:50:06', 4, '2018-05-14 09:50:06'),
('B000185', 'D', '1', 'LAIN-LAIN', NULL, 4, '2018-05-14 09:58:06', 4, '2018-05-14 09:58:06'),
('B000186', 'D', '1', 'LAIN - LAIN', NULL, 4, '2018-05-14 09:58:56', 4, '2018-05-14 09:58:56'),
('B000187', 'D', '1', 'LAIN-LAIN', NULL, 4, '2018-05-14 10:00:56', 4, '2018-05-14 10:00:56'),
('B000188', 'D', '1', 'LAIN-LAIN', NULL, 4, '2018-05-14 10:17:58', 4, '2018-05-14 10:17:58'),
('B000189', 'D', '1', 'LAIN-LAIN', NULL, 4, '2018-05-14 10:21:34', 4, '2018-05-14 10:21:34'),
('B000190', 'D', '1', 'LAIN-LAIN', NULL, 4, '2018-05-14 10:21:46', 4, '2018-05-14 10:21:46'),
('B000191', 'D', '1', 'LAIN - LAIN', NULL, 4, '2018-05-15 00:54:21', 4, '2018-05-15 00:54:21'),
('B000192', 'D', '1', 'LAIN - LAIN', NULL, 4, '2018-05-15 01:25:32', 4, '2018-05-15 01:25:32'),
('B000193', 'D', '2', 'LAIN - LAIN', NULL, 4, '2018-05-15 01:55:10', 4, '2018-05-15 01:55:10'),
('B000194', 'D', '2', 'LAIN - LAIN', NULL, 4, '2018-05-15 02:19:48', 4, '2018-05-15 02:19:48'),
('B000195', 'D', '2', 'LAIN - LAIN', NULL, 4, '2018-05-15 02:53:42', 4, '2018-05-15 02:53:42'),
('B000196', 'D', '2', 'LAIN - LAIN', NULL, 4, '2018-05-15 03:28:41', 4, '2018-05-15 03:28:41'),
('B000197', 'D', '2', 'LAIN - LAIN', NULL, 4, '2018-05-15 03:56:45', 4, '2018-05-15 03:56:45'),
('B000198', 'D', '2', 'LAIN - LAIN', NULL, 4, '2018-05-15 06:12:37', 4, '2018-05-15 06:12:37'),
('B000199', 'D', '2', 'LAIN - LAIN', NULL, 4, '2018-05-15 06:36:52', 4, '2018-05-15 06:36:52'),
('B000200', 'D', '2', 'LAIN - LAIN', NULL, 4, '2018-05-15 07:04:19', 4, '2018-05-15 07:04:19'),
('B000201', 'D', '2', 'LAIN-LAIN', NULL, 4, '2018-05-15 07:28:46', 4, '2018-05-15 07:28:46'),
('B000202', 'D', '2', 'LAIN-LAIN', NULL, 4, '2018-05-15 07:29:00', 4, '2018-05-15 07:29:00'),
('B000203', 'D', '2', 'LAIN-LAIN', NULL, 4, '2018-05-15 07:29:11', 4, '2018-05-15 07:29:11'),
('B000204', 'D', '2', 'LAIN-LAIN', NULL, 4, '2018-05-15 07:29:38', 4, '2018-05-15 07:29:38'),
('B000205', 'D', '2', 'LAIN-LAIN', NULL, 4, '2018-05-15 07:54:45', 4, '2018-05-15 07:54:45'),
('B000206', 'D', '2', 'LAIN-LAIN', NULL, 4, '2018-05-15 07:55:39', 4, '2018-05-15 07:55:39'),
('B000207', 'D', '2', 'LAIN-LAIN', NULL, 4, '2018-05-15 08:15:31', 4, '2018-05-15 08:15:31'),
('B000208', 'D', '2', 'LAIN-LAIN', NULL, 4, '2018-05-15 08:15:41', 4, '2018-05-15 08:15:41'),
('B000209', 'D', '3', 'LAIN LAIN', NULL, 4, '2018-05-15 08:19:23', 4, '2018-05-15 08:21:26'),
('B000210', 'D', '3', 'LAIN-LAIN', NULL, 4, '2018-05-15 08:20:32', 4, '2018-05-15 08:20:32'),
('B000211', 'D', '3', 'LAIN - LAIN', NULL, 4, '2018-05-15 08:33:33', 4, '2018-05-15 08:33:33'),
('B000212', 'D', '3', 'LAIN - LAIN', NULL, 4, '2018-05-15 08:34:10', 4, '2018-05-15 08:34:10'),
('B000213', 'D', '3', 'LAIN-LAIN', NULL, 4, '2018-05-15 08:41:31', 4, '2018-05-15 08:41:31'),
('B000214', 'D', '3', 'LAIN-LAIN', NULL, 4, '2018-05-15 08:41:40', 4, '2018-05-15 08:41:40'),
('B000215', 'D', '3', 'LAIN-LAIN', NULL, 4, '2018-05-15 08:43:21', 4, '2018-05-15 08:43:21'),
('B000216', 'D', '3', 'LAIN-LAIN', NULL, 4, '2018-05-15 08:43:41', 4, '2018-05-15 08:43:41'),
('B000217', 'D', '3', 'LAIN-LAIN', NULL, 4, '2018-05-15 08:43:57', 4, '2018-05-15 08:43:57'),
('B000218', 'D', '3', 'LAIN-LAIN', NULL, 4, '2018-05-15 08:47:46', 4, '2018-05-15 08:47:46'),
('B000219', 'D', '3', 'LAIN-LAIN', NULL, 4, '2018-05-15 08:48:01', 4, '2018-05-15 08:48:01'),
('B000220', 'D', '3', 'LAIN-LAIN', NULL, 4, '2018-05-15 08:48:18', 4, '2018-05-15 08:48:18'),
('B000221', 'D', '3', 'LAIN - LAIN', NULL, 4, '2018-05-15 09:11:46', 4, '2018-05-15 09:11:46'),
('B000222', 'D', '3', 'LAIN-LAIN', NULL, 4, '2018-05-15 09:16:58', 4, '2018-05-15 09:16:58'),
('B000223', 'D', '3', 'LAIN-LAIN', NULL, 4, '2018-05-15 09:17:20', 4, '2018-05-15 09:17:20'),
('B000224', 'D', '3', 'LAIN-LAIN', NULL, 4, '2018-05-15 09:17:33', 4, '2018-05-15 09:17:33'),
('B000225', 'D', '4', 'LAIN-LAIN', NULL, 4, '2018-05-15 09:33:18', 4, '2018-05-15 09:33:18'),
('B000226', 'D', '4', 'LAIN-LAIN', NULL, 4, '2018-05-15 09:33:27', 4, '2018-05-15 09:33:27'),
('B000227', 'D', '4', 'LAIN-LAIN', NULL, 4, '2018-05-15 10:05:22', 4, '2018-05-15 10:05:22'),
('B000228', 'D', '4', 'LAIN-LAIN', NULL, 4, '2018-05-15 10:05:42', 4, '2018-05-15 10:05:42'),
('B000229', 'D', '4', 'LAIN-LAIN', NULL, 4, '2018-05-15 10:23:06', 4, '2018-05-15 10:23:06'),
('B000230', 'D', '4', 'LAIN - LAIN', NULL, 4, '2018-05-16 01:41:00', 4, '2018-05-16 01:41:00'),
('B000231', 'D', '4', 'LAIN-LAIN', NULL, 4, '2018-05-16 02:35:55', 4, '2018-05-16 02:35:55'),
('B000232', 'D', '4', 'LAIN-LAIN', NULL, 4, '2018-05-16 02:36:08', 4, '2018-05-16 02:36:08'),
('B000233', 'D', '4', 'LAIN-LAIN', NULL, 4, '2018-05-16 02:36:25', 4, '2018-05-16 02:36:25'),
('B000234', 'D', '4', 'LAIN-LAIN', NULL, 4, '2018-05-16 02:37:43', 4, '2018-05-16 02:37:43'),
('B000235', 'D', '4', 'LAIN-LAIN', NULL, 4, '2018-05-16 02:37:52', 4, '2018-05-16 02:37:52'),
('B000236', 'D', '4', 'LAIN-LAIN', NULL, 4, '2018-05-16 03:12:17', 4, '2018-05-16 03:12:17'),
('B000237', 'D', '4', 'LAIN-LAIN', NULL, 4, '2018-05-16 03:12:25', 4, '2018-05-16 03:12:25'),
('B000238', 'D', '4', 'LAIN - LAIN', NULL, 4, '2018-05-16 03:12:40', 4, '2018-05-16 03:12:40'),
('B000239', 'D', '4', 'LAIN-LAIN', NULL, 4, '2018-05-16 03:39:39', 4, '2018-05-16 04:16:20'),
('B000240', 'D', '4', 'LAIN-LAIN', NULL, 4, '2018-05-16 03:41:49', 4, '2018-05-16 03:41:49'),
('B000241', 'E', '1', 'LAIN-LAIN', NULL, 4, '2018-05-16 03:42:06', 4, '2018-05-16 03:42:06'),
('B000242', 'E', '1', 'LAIN-LAIN', NULL, 4, '2018-05-16 04:06:08', 4, '2018-05-16 04:06:08'),
('B000243', 'E', '1', 'LAIN-LAIN', NULL, 4, '2018-05-16 04:16:31', 4, '2018-05-16 04:16:31'),
('B000244', 'E', '1', 'LAIN-LAIN', NULL, 4, '2018-05-16 04:16:47', 4, '2018-05-16 04:16:47'),
('B000245', 'E', '1', 'LAIN-LAIN', NULL, 4, '2018-05-16 06:04:51', 4, '2018-05-16 06:04:51'),
('B000246', 'E', '1', 'LAIN-LAIN', NULL, 4, '2018-05-16 06:05:11', 4, '2018-05-16 06:05:11'),
('B000247', 'E', '1', 'LAIN-LAIN', NULL, 4, '2018-05-16 06:15:26', 4, '2018-05-16 06:48:30'),
('B000248', 'E', '1', 'LAIN-LAIN', NULL, 4, '2018-05-16 06:50:37', 4, '2018-05-16 06:50:37'),
('B000249', 'E', '1', 'LAIN - LAIN', NULL, 4, '2018-05-16 06:50:46', 4, '2018-05-16 06:50:46'),
('B000250', 'E', '1', 'LAIN-LAIN', NULL, 4, '2018-05-16 07:18:11', 4, '2018-05-16 07:18:11'),
('B000251', 'E', '1', 'LAIN-LAIN', NULL, 4, '2018-05-16 07:23:18', 4, '2018-05-16 07:23:18'),
('B000252', 'E', '1', 'LAIN-LAIN', NULL, 4, '2018-05-16 07:46:05', 4, '2018-05-16 07:46:05'),
('B000253', 'E', '1', 'LAIN - LAIN', NULL, 4, '2018-05-16 08:23:46', 4, '2018-05-16 08:23:46'),
('B000254', 'E', '1', 'LAIN - LAIN', NULL, 4, '2018-05-17 01:05:20', 4, '2018-05-17 01:05:20'),
('B000255', 'E', '1', 'LAIN - LAIN', NULL, 4, '2018-05-17 02:02:57', 4, '2018-05-17 02:02:57'),
('B000256', 'E', '1', 'LAIN - LAIN', NULL, 4, '2018-05-17 02:50:15', 4, '2018-05-17 02:50:15'),
('B000257', 'E', '2', 'LAIN - LAIN', NULL, 4, '2018-05-17 03:39:07', 4, '2018-05-17 03:39:07'),
('B000258', 'E', '2', 'LAIN - LAIN', NULL, 4, '2018-05-17 04:21:19', 4, '2018-05-17 04:21:19'),
('B000259', 'E', '2', 'LAIN - LAIN', NULL, 4, '2018-05-17 06:34:35', 4, '2018-05-17 06:34:35'),
('B000260', 'E', '2', 'LAIN - LAIN', NULL, 4, '2018-05-17 07:21:57', 4, '2018-05-17 07:21:57'),
('B000261', 'E', '2', 'LAIN - LAIN', NULL, 4, '2018-05-18 00:57:22', 4, '2018-05-18 00:57:22'),
('B000262', 'E', '2', 'LAIN - LAIN', NULL, 4, '2018-05-18 01:35:16', 4, '2018-05-18 01:35:16'),
('B000263', 'E', '2', 'LAIN - LAIN', NULL, 4, '2018-05-18 02:13:15', 4, '2018-05-18 02:13:15'),
('B000264', 'E', '2', 'LAIN - LAIN', NULL, 4, '2018-05-18 02:55:24', 4, '2018-05-18 02:55:24'),
('B000265', 'E', '2', 'LAIN - LAIN', NULL, 4, '2018-05-18 03:36:57', 4, '2018-05-18 03:36:57'),
('B000266', 'E', '2', 'LAIN - LAIN', NULL, 4, '2018-05-18 06:14:09', 4, '2018-05-18 06:14:09'),
('B000267', 'E', '2', 'LAIN - LAIN', NULL, 4, '2018-05-18 07:01:36', 4, '2018-05-18 07:01:36'),
('B000268', 'E', '2', 'LAIN - LAIN', NULL, 4, '2018-05-21 00:46:08', 4, '2018-05-21 00:46:08'),
('B000269', 'E', '2', 'LAIN - LAIN', NULL, 4, '2018-05-21 01:35:30', 4, '2018-05-21 01:35:30'),
('B000270', 'E', '2', 'LAIN - LAIN', NULL, 4, '2018-05-21 02:22:21', 4, '2018-05-21 02:22:21'),
('B000271', 'E', '2', 'LAIN - LAIN', NULL, 4, '2018-05-21 03:55:38', 4, '2018-05-21 03:55:38'),
('B000272', 'E', '2', 'LAIN-LAIN', NULL, 4, '2018-05-21 06:42:43', 4, '2018-05-21 06:43:07'),
('B000273', 'E', '3', 'LAIN-LAIN', NULL, 4, '2018-05-21 06:44:15', 4, '2018-05-21 06:44:15'),
('B000274', 'E', '3', 'LAIN-LAIN', NULL, 4, '2018-05-21 06:44:32', 4, '2018-05-21 06:44:32'),
('B000275', 'E', '3', 'LAIN-LAIN', NULL, 4, '2018-05-21 06:44:49', 4, '2018-05-21 06:44:49'),
('B000276', 'E', '3', 'LAIN-LAIN', NULL, 4, '2018-05-21 06:45:02', 4, '2018-05-21 06:45:02'),
('B000277', 'E', '3', 'LAIN-LAIN', NULL, 4, '2018-05-21 06:45:33', 4, '2018-05-21 06:45:33'),
('B000278', 'E', '3', 'LAIN-LAIN', NULL, 4, '2018-05-21 07:32:49', 4, '2018-05-21 07:32:49'),
('B000279', 'E', '3', 'LAIN-LAIN', NULL, 4, '2018-05-21 08:01:37', 4, '2018-05-21 08:01:37'),
('B000280', 'E', '3', 'LAIN-LAIN', NULL, 4, '2018-05-21 08:14:11', 4, '2018-05-21 08:14:11'),
('B000281', 'E', '3', 'LAIN-LAIN', NULL, 4, '2018-05-21 08:14:31', 4, '2018-05-21 08:14:31'),
('B000282', 'E', '3', 'LAIN-LAIN', NULL, 4, '2018-05-21 08:14:52', 4, '2018-05-21 08:14:52'),
('B000283', 'E', '3', 'LAIN-LAIN', NULL, 4, '2018-05-21 08:15:12', 4, '2018-05-21 08:15:12'),
('B000284', 'E', '3', 'LAIN-LAIN', NULL, 4, '2018-05-21 08:15:25', 4, '2018-05-21 08:15:25'),
('B000285', 'E', '3', 'STP TAHUN 2017', NULL, 4, '2018-05-23 01:07:04', 4, '2018-05-23 01:07:04'),
('B000286', 'E', '3', 'STP TAHUN 2017', NULL, 4, '2018-05-24 03:43:13', 4, '2018-05-24 03:43:13'),
('B000287', 'E', '3', 'STP TAHUN 2017', NULL, 4, '2018-05-28 03:45:19', 4, '2018-06-05 04:03:58'),
('B000288', 'E', '3', 'STP TAHUN 2017', NULL, 4, '2018-06-04 02:20:23', 4, '2018-06-04 02:20:23'),
('B000289', 'E', '4', 'STP TAHUN 2017', NULL, 4, '2018-06-05 06:09:21', 4, '2018-06-05 06:09:21'),
('B000290', 'E', '4', 'STP TAHUN 2017', NULL, 4, '2018-06-08 00:54:20', 4, '2018-06-08 00:54:20'),
('B000291', 'E', '4', 'STP TAHUN 2017', NULL, 4, '2018-06-25 04:23:36', 4, '2018-06-25 04:23:36'),
('B000292', 'E', '4', 'STP SKPKB', NULL, 4, '2018-08-03 02:23:56', 4, '2018-08-03 02:23:56'),
('B000293', 'E', '04', 'STP SKPKB', NULL, 4, '2018-08-13 03:20:54', 4, '2018-08-13 03:20:54'),
('B000294', 'E', '04', 'STP SKPKB', NULL, 4, '2018-08-30 02:04:38', 4, '2018-08-30 02:04:38');

-- --------------------------------------------------------

--
-- Struktur dari tabel `is_kotakberkas_copy_ori`
--

CREATE TABLE `is_kotakberkas_copy_ori` (
  `kode_kotakberkas` varchar(7) NOT NULL,
  `kode_lemari` varchar(2) NOT NULL,
  `kode_rak` varchar(2) NOT NULL,
  `keterangan` varchar(50) DEFAULT NULL,
  `created_user` int(3) NOT NULL,
  `created_date` timestamp NOT NULL DEFAULT CURRENT_TIMESTAMP,
  `updated_user` int(3) NOT NULL,
  `updated_date` timestamp NOT NULL DEFAULT CURRENT_TIMESTAMP ON UPDATE CURRENT_TIMESTAMP
) ENGINE=InnoDB DEFAULT CHARSET=latin1 ROW_FORMAT=COMPACT;

--
-- Dumping data untuk tabel `is_kotakberkas_copy_ori`
--

INSERT INTO `is_kotakberkas_copy_ori` (`kode_kotakberkas`, `kode_lemari`, `kode_rak`, `keterangan`, `created_user`, `created_date`, `updated_user`, `updated_date`) VALUES
('B000001', 'A', '1', 'berisi 72 map berkas Wajib Pajak', 4, '2018-04-11 00:33:10', 4, '2018-04-12 02:07:30'),
('B000002', 'A', '1', 'LAIN-LAIN', 4, '2018-04-13 07:23:47', 4, '2018-04-13 07:23:47'),
('B000003', 'A', '1', 'berisi 67 map berkas Wajib Pajak', 4, '2018-04-13 07:29:56', 4, '2018-04-14 06:32:24'),
('B000004', 'A', '1', 'LAIN-LAIN', 4, '2018-04-13 09:15:10', 4, '2018-04-13 09:15:10'),
('B000005', 'A', '1', 'berisi 72 map berkas Wajib Pajak', 4, '2018-04-13 09:15:32', 4, '2018-04-14 06:33:12'),
('B000006', 'A', '1', 'BERISI 128 MAP BERKAS WAJIB PAJAK', 4, '2018-04-16 03:54:17', 4, '2018-04-16 06:43:41'),
('B000007', 'A', '1', 'LAIN-LAIN', 4, '2018-04-16 03:54:39', 4, '2018-04-16 03:54:39'),
('B000008', 'A', '1', 'LAIN-LAIN berisi 79 Wajib Pajak', 4, '2018-04-16 06:46:09', 4, '2018-04-19 01:09:19'),
('B000009', 'A', '1', 'BERISI 77 MAP BERKAS WAJIB PAJAK', 4, '2018-04-16 06:49:11', 4, '2018-04-16 07:55:42'),
('B000010', 'A', '1', 'LAIN-LAIN berisi 92 map berkas Wajib Pajak', 4, '2018-04-16 07:47:22', 4, '2018-04-19 01:08:35'),
('B000011', 'A', '1', 'BERISI 104 MAP BERKAS WAJIB PAJAK', 4, '2018-04-16 07:59:59', 4, '2018-04-16 09:00:11'),
('B000012', 'A', '1', 'LAIN-LAIN', 4, '2018-04-17 05:41:58', 4, '2018-04-17 05:41:58'),
('B000013', 'A', '2', 'LAIN-LAIN', 4, '2018-04-17 05:42:46', 4, '2018-04-17 05:42:46'),
('B000014', 'A', '2', 'BERISI 46 MAP BERKAS WAJIB PAJAK', 4, '2018-04-17 05:43:08', 4, '2018-04-17 06:13:27'),
('B000015', 'A', '2', 'LAIN-LAIN', 4, '2018-04-17 06:16:02', 4, '2018-04-17 06:16:02'),
('B000016', 'A', '2', 'LAIN-LAIN', 4, '2018-04-17 06:54:58', 4, '2018-04-17 06:54:58'),
('B000017', 'A', '2', 'LAIN-LAIN', 4, '2018-04-19 07:42:58', 4, '2018-04-19 07:42:58'),
('B000018', 'A', '2', 'LAIN-LAIN', 4, '2018-04-19 08:15:25', 4, '2018-04-19 08:15:25'),
('B000019', 'A', '2', 'LAIN-LAIN', 4, '2018-04-19 08:50:20', 4, '2018-04-19 08:50:20'),
('B000020', 'A', '2', 'LAIN-LAIN', 4, '2018-04-19 08:53:31', 4, '2018-04-19 08:53:31'),
('B000021', 'A', '2', 'LAIN-LAIN', 4, '2018-04-23 03:40:14', 4, '2018-04-23 03:40:14'),
('B000022', 'A', '2', 'LAIN-LAIN', 4, '2018-04-23 03:41:03', 4, '2018-04-23 03:41:03'),
('B000023', 'A', '2', 'LAIN-LAIN', 4, '2018-04-23 04:09:40', 4, '2018-04-23 04:09:40'),
('B000024', 'A', '2', 'LAIN-LAIN', 4, '2018-04-23 04:25:15', 4, '2018-04-23 04:25:15'),
('B000025', 'A', '3', 'LAIN-LAIN', 4, '2018-04-23 04:50:31', 4, '2018-04-23 04:50:31'),
('B000026', 'A', '3', 'LAIN-LAIN', 4, '2018-04-23 05:59:32', 4, '2018-04-23 05:59:32'),
('B000027', 'A', '3', 'LAIN-LAIN', 4, '2018-04-23 06:20:40', 4, '2018-04-23 06:20:40'),
('B000028', 'A', '3', 'LAIN-LAIN', 4, '2018-04-23 06:36:24', 4, '2018-04-23 06:36:24'),
('B000029', 'A', '3', 'LAIN-LAIN', 4, '2018-04-23 06:54:11', 4, '2018-04-23 06:54:11'),
('B000030', 'A', '3', 'LAIN-LAIN', 4, '2018-04-23 07:17:04', 4, '2018-04-23 07:17:04'),
('B000031', 'A', '3', 'LAIN-LAINS', 4, '2018-04-23 07:29:07', 4, '2018-04-23 07:31:11'),
('B000032', 'A', '3', 'LAIN-LAIN', 4, '2018-04-23 07:51:19', 4, '2018-04-23 07:51:19'),
('B000033', 'a', '3', 'lain-lain', 4, '2018-04-23 08:26:27', 4, '2018-04-23 08:26:27'),
('B000034', 'A', '3', 'LAIN-LAIN', 4, '2018-04-23 08:28:44', 4, '2018-04-23 08:28:44'),
('B000035', 'A', '3', 'LAIN-LAIN', 4, '2018-04-23 09:03:15', 4, '2018-04-23 09:03:15'),
('B000036', 'A', '3', 'LAIN-LAIN', 4, '2018-04-23 09:10:11', 4, '2018-04-23 09:10:11'),
('B000037', 'A', '4', 'LAIN-LAIN', 4, '2018-04-24 03:32:33', 4, '2018-04-24 03:32:33'),
('B000038', 'A', '4', 'LAIN-LAIN', 4, '2018-04-24 03:33:41', 4, '2018-04-24 03:33:41'),
('B000039', 'A', '4', 'LAIN-LAIN', 4, '2018-04-24 04:00:19', 4, '2018-04-24 04:00:19'),
('B000040', 'A', '4', 'LAIN-LAIN', 4, '2018-04-24 04:01:16', 4, '2018-04-24 04:01:16'),
('B000041', 'A', '4', 'LAIN-LAIN', 4, '2018-04-24 04:23:47', 4, '2018-04-24 04:23:47'),
('B000042', 'A', '4', 'LAIN-LAIN', 4, '2018-04-24 04:24:36', 4, '2018-04-24 04:24:36'),
('B000043', 'A', '4', 'LAIN-LAIN', 4, '2018-04-24 06:07:27', 4, '2018-04-24 06:07:27'),
('B000044', 'A', '4', 'LAIN-LAIN', 4, '2018-04-24 06:08:43', 4, '2018-04-24 06:08:43'),
('B000045', 'A', '4', 'LAIN-LAIN', 4, '2018-04-24 06:37:22', 4, '2018-04-24 06:37:22'),
('B000046', 'A', '4', 'LAIN-LAIN', 4, '2018-04-24 06:38:57', 4, '2018-04-24 06:38:57'),
('B000047', 'A', '4', 'LAIN-LAIN', 4, '2018-04-24 07:06:29', 4, '2018-04-24 07:06:29'),
('B000048', 'A', '4', 'LAIN-LAIN', 4, '2018-04-24 07:07:08', 4, '2018-04-24 07:07:08'),
('B000049', 'B', '1', 'LAIN-LAIN', 4, '2018-04-25 04:21:07', 4, '2018-04-25 04:46:05'),
('B000050', 'B', '1', 'LAIN-LAIN', 4, '2018-04-25 04:24:58', 4, '2018-04-25 04:24:58'),
('B000051', 'B', '1', 'LAIN-LAIN', 4, '2018-04-25 04:45:51', 4, '2018-04-25 04:45:51'),
('B000052', 'B', '1', 'LAIN-LAIN', 4, '2018-04-25 04:50:26', 4, '2018-04-25 04:50:26'),
('B000053', 'B', '1', 'LAIN-LAIN', 4, '2018-04-25 06:21:45', 4, '2018-04-25 06:21:45'),
('B000054', 'B', '1', 'LAIN-LAIN', 4, '2018-04-25 06:22:03', 4, '2018-04-25 06:22:03'),
('B000055', 'B', '1', 'LAIN-LAIN', 4, '2018-04-25 06:46:00', 4, '2018-04-25 06:46:00'),
('B000056', 'B', '1', 'LAIN-LAIN', 4, '2018-04-25 06:54:32', 4, '2018-04-25 06:54:32'),
('B000057', 'B', '1', 'LAIN-LAIN', 4, '2018-04-25 07:19:05', 4, '2018-04-25 07:19:05'),
('B000058', 'B', '1', 'LAIN-LAIN', 4, '2018-04-25 07:23:03', 4, '2018-04-25 07:23:03'),
('B000059', 'B', '1', 'LAIN-LAIN', 4, '2018-04-25 07:51:17', 4, '2018-04-25 07:51:17'),
('B000060', 'B', '1', 'LAIN-LAIN', 4, '2018-04-25 07:55:44', 4, '2018-04-25 07:55:44'),
('B000061', 'B', '1', 'LAIN-LAIN', 4, '2018-04-25 08:25:37', 4, '2018-04-25 08:25:37'),
('B000062', 'B', '1', 'LAIN-LAIN', 4, '2018-04-25 08:28:35', 4, '2018-04-25 08:28:35'),
('B000063', 'B', '1', 'LAIN-LAIN', 4, '2018-04-26 07:33:44', 4, '2018-04-26 07:33:44'),
('B000064', 'B', '1', 'LAIN-LAIN', 4, '2018-04-26 07:37:50', 4, '2018-04-26 07:37:50'),
('B000065', 'B', '2', 'LAIN-LAIN', 4, '2018-04-26 08:03:56', 4, '2018-04-26 08:03:56'),
('B000066', 'B', '2', 'LAIN-LAIN', 4, '2018-04-26 08:16:12', 4, '2018-04-26 08:16:12'),
('B000067', 'B', '2', 'LAIN-LAIN', 4, '2018-04-26 08:39:18', 4, '2018-04-26 08:39:18'),
('B000068', 'B', '2', 'LAIN-LAIN', 4, '2018-04-26 08:47:11', 4, '2018-04-26 08:47:11'),
('B000069', 'B', '2', 'LAIN-LAIN', 4, '2018-04-26 09:07:31', 4, '2018-04-26 09:07:31'),
('B000070', 'B', '2', 'LAIN-LAIN', 4, '2018-04-26 09:21:54', 4, '2018-04-26 09:21:54'),
('B000071', 'B', '2', 'LAIN-LAIN', 4, '2018-04-26 09:54:25', 4, '2018-04-26 09:54:25'),
('B000072', 'B', '2', 'LAIN-LAIN', 4, '2018-04-26 09:54:34', 4, '2018-04-26 09:54:34'),
('B000073', 'B', '2', 'LAIN-LAIN', 4, '2018-05-02 07:03:08', 4, '2018-05-02 07:03:08'),
('B000074', 'B', '2', 'LAIN-LAIN', 4, '2018-05-02 07:03:55', 4, '2018-05-02 07:03:55'),
('B000075', 'B', '2', 'LAIN-LAIN', 4, '2018-05-02 07:32:46', 4, '2018-05-02 07:32:46'),
('B000076', 'B', '2', 'LAIN-LAIN', 4, '2018-05-02 07:32:56', 4, '2018-05-02 07:32:56'),
('B000077', 'B', '2', 'LAIN-LAIN', 4, '2018-05-02 08:04:50', 4, '2018-05-02 08:04:50'),
('B000078', 'B', '2', 'LAIN-LAIN', 4, '2018-05-02 08:05:25', 4, '2018-05-02 08:05:25'),
('B000079', 'B', '2', 'LAIN-LAIN', 4, '2018-05-02 08:29:23', 4, '2018-05-02 08:29:23'),
('B000080', 'B', '2', 'LAIN-LAIN', 4, '2018-05-02 08:35:14', 4, '2018-05-02 08:35:14'),
('B000081', 'B', '3', 'LAIN-LAIN', 4, '2018-05-02 08:55:45', 4, '2018-05-02 08:55:45'),
('B000082', 'B', '3', 'LAIN-LAIN', 4, '2018-05-02 09:09:50', 4, '2018-05-02 09:09:50'),
('B000083', 'B', '3', 'LAIN-LAIN', 4, '2018-05-02 09:40:35', 4, '2018-05-02 09:40:35'),
('B000084', 'B', '3', 'LAIN-LAIN', 4, '2018-05-02 09:51:56', 4, '2018-05-02 09:51:56'),
('B000085', 'B', '3', 'LAIN-LAIN', 4, '2018-05-03 06:32:36', 4, '2018-05-03 06:32:36'),
('B000086', 'B', '3', 'LAIN-LAIN', 4, '2018-05-03 06:32:48', 4, '2018-05-03 06:32:48'),
('B000087', 'B', '3', 'LAIN-LAIN', 4, '2018-05-03 07:11:25', 4, '2018-05-03 07:11:25'),
('B000088', 'B', '3', 'LAIN-LAIN', 4, '2018-05-03 07:11:34', 4, '2018-05-03 07:11:34'),
('B000089', 'B', '3', 'LAIN-LAIN', 4, '2018-05-03 07:31:51', 4, '2018-05-03 07:31:51'),
('B000090', 'B', '3', 'LAIN-LAIN', 4, '2018-05-03 07:48:26', 4, '2018-05-03 07:48:26'),
('B000091', 'B', '3', 'LAIN-LAIN', 4, '2018-05-03 07:52:49', 4, '2018-05-03 07:52:49'),
('B000092', 'B', '3', 'LAIN-LAIN', 4, '2018-05-03 08:03:05', 4, '2018-05-03 08:03:05'),
('B000093', 'B', '3', 'LAIN-LAIN', 4, '2018-05-03 08:07:05', 4, '2018-05-03 08:07:05'),
('B000094', 'B', '3', 'LAIN-LAIN', 4, '2018-05-03 08:17:06', 4, '2018-05-03 08:17:06'),
('B000095', 'B', '3', 'LAIN-LAIN', 4, '2018-05-03 08:18:58', 4, '2018-05-03 08:18:58'),
('B000096', 'B', '3', 'LAIN-LAIN', 4, '2018-05-03 08:28:20', 4, '2018-05-03 08:28:20'),
('B000097', 'B', '4', 'LAIN-LAIN', 4, '2018-05-03 08:35:11', 4, '2018-05-03 08:35:11'),
('B000098', 'B', '4', 'LAIN-LAIN', 4, '2018-05-03 08:42:12', 4, '2018-05-03 08:42:12'),
('B000099', 'B', '4', 'LAIN-LAIN', 4, '2018-05-03 08:56:31', 4, '2018-05-03 08:56:31'),
('B000100', 'B', '4', 'LAIN-LAIN', 4, '2018-05-03 08:56:55', 4, '2018-05-03 08:56:55'),
('B000101', 'B', '4', 'LAIN-LAIN', 4, '2018-05-03 09:13:29', 4, '2018-05-03 09:13:29'),
('B000102', 'B', '4', 'LAIN-LAIN', 4, '2018-05-03 09:14:32', 4, '2018-05-03 09:14:32'),
('B000103', 'B', '4', 'LAIN-LAIN', 4, '2018-05-03 09:31:20', 4, '2018-05-03 09:31:20'),
('B000104', 'B', '4', 'LAIN-LAIN', 4, '2018-05-03 09:34:51', 4, '2018-05-03 09:34:51'),
('B000105', 'B', '4', 'LAIN-LAIN', 4, '2018-05-07 02:42:09', 4, '2018-05-07 02:42:09'),
('B000106', 'B', '4', 'LAIN-LAIN', 4, '2018-05-07 02:43:41', 4, '2018-05-07 02:43:41'),
('B000107', 'B', '4', 'LAIN-LAIN', 4, '2018-05-07 02:59:24', 4, '2018-05-07 02:59:24'),
('B000108', 'B', '4', 'LAIN-LAIN', 4, '2018-05-07 02:59:31', 4, '2018-05-07 02:59:31'),
('B000109', 'B', '4', 'LAIN-LAIN', 4, '2018-05-07 03:18:00', 4, '2018-05-07 03:18:00'),
('B000110', 'B', '4', 'LAIN-LAIN', 4, '2018-05-07 03:18:24', 4, '2018-05-07 03:18:24'),
('B000111', 'B', '4', 'LAIN-LAIN', 4, '2018-05-07 03:34:35', 4, '2018-05-07 03:34:35'),
('B000112', 'B', '4', 'LAIN-LAIN', 4, '2018-05-07 03:38:27', 4, '2018-05-07 03:38:27'),
('B000113', 'C', '1', 'LAIN-LAIN', 4, '2018-05-07 03:52:13', 4, '2018-05-07 03:52:13'),
('B000114', 'C', '1', 'LAIN-LAIN', 4, '2018-05-07 03:57:44', 4, '2018-05-07 03:57:44'),
('B000115', 'C', '1', 'LAIN-LAIN', 4, '2018-05-07 04:10:19', 4, '2018-05-07 04:10:19'),
('B000116', 'C', '1', 'LAIN-LAIN', 4, '2018-05-07 04:14:41', 4, '2018-05-07 04:14:41'),
('B000117', 'C', '1', 'LAIN-LAIN', 4, '2018-05-07 04:26:52', 4, '2018-05-07 04:26:52'),
('B000118', 'C', '1', 'LAIN-LAIN', 4, '2018-05-07 04:31:51', 4, '2018-05-07 04:31:51'),
('B000119', 'C', '1', 'LAIN-LAIN', 4, '2018-05-07 04:45:22', 4, '2018-05-07 04:45:22'),
('B000120', 'C', '1', 'LAIN-LAIN', 4, '2018-05-07 04:57:09', 4, '2018-05-07 04:57:09'),
('B000121', 'C', '1', 'LAIN-LAIN', 4, '2018-05-07 05:59:49', 4, '2018-05-07 05:59:49'),
('B000122', 'C', '1', 'LAIN-LAIN', 4, '2018-05-07 06:10:07', 4, '2018-05-07 06:10:07'),
('B000123', 'C', '1', 'LAIN-LAIN', 4, '2018-05-07 06:17:43', 4, '2018-05-07 06:17:43'),
('B000124', 'C', '1', 'LAIN-LAIN', 4, '2018-05-07 06:22:19', 4, '2018-05-07 06:22:19'),
('B000125', 'C', '1', 'LAIN-LAIN', 4, '2018-05-07 06:33:49', 4, '2018-05-07 06:33:49'),
('B000126', 'C', '1', 'LAIN-LAIN', 4, '2018-05-07 06:37:39', 4, '2018-05-07 06:37:39'),
('B000127', 'C', '1', 'LAIN-LAIN', 4, '2018-05-07 06:49:30', 4, '2018-05-07 06:49:30'),
('B000128', 'C', '1', 'LAIN-LAIN', 4, '2018-05-07 06:51:29', 4, '2018-05-07 06:51:29'),
('B000129', 'C', '2', 'LAIN-LAIN', 4, '2018-05-07 07:03:46', 4, '2018-05-07 07:03:46'),
('B000130', 'C', '2', 'LAIN-LAIN', 4, '2018-05-07 07:06:02', 4, '2018-05-07 07:06:02'),
('B000131', 'C', '2', 'LAIN-LAIN', 4, '2018-05-07 07:18:59', 4, '2018-05-07 07:18:59'),
('B000132', 'C', '2', 'LAIN-LAIN', 4, '2018-05-07 07:19:12', 4, '2018-05-07 07:19:12'),
('B000133', 'C', '2', 'LAIN-LAIN', 4, '2018-05-09 06:55:39', 4, '2018-05-09 06:55:53'),
('B000134', 'C', '2', 'LAIN-LAIN', 4, '2018-05-09 07:09:50', 4, '2018-05-09 07:09:50'),
('B000135', 'C', '2', 'LAIN-LAIN', 4, '2018-05-09 07:40:48', 4, '2018-05-09 07:40:48'),
('B000136', 'C', '2', 'LAIN-LAIN', 4, '2018-05-09 07:41:05', 4, '2018-05-09 07:41:05'),
('B000137', 'C', '2', 'LAIN-LAIN', 4, '2018-05-09 07:51:18', 4, '2018-05-09 07:51:58'),
('B000138', 'C', '2', 'LAIN-LAIN', 4, '2018-05-09 07:53:04', 4, '2018-05-09 07:53:04'),
('B000139', 'C', '2', 'LAIN-LAIN', 4, '2018-05-09 08:04:05', 4, '2018-05-09 08:04:05'),
('B000140', 'C', '2', 'LAIN-LAIN', 4, '2018-05-09 08:05:02', 4, '2018-05-09 08:05:02'),
('B000141', 'C', '2', 'LAIN-LAIN', 4, '2018-05-09 08:22:12', 4, '2018-05-09 08:22:12'),
('B000142', 'C', '2', 'LAIN-LAIN', 4, '2018-05-09 08:22:42', 4, '2018-05-09 08:22:42'),
('B000143', 'C', '2', 'lain-lain', 4, '2018-05-09 08:24:43', 4, '2018-05-09 08:24:43'),
('B000144', 'C', '2', 'LAIN-LAIN', 4, '2018-05-09 08:31:44', 4, '2018-05-09 08:32:10'),
('B000145', 'C', '3', 'LAIN-LAIN', 4, '2018-05-09 08:43:21', 4, '2018-05-09 08:43:21'),
('B000146', 'C', '3', 'LAIN-LAIN', 4, '2018-05-09 08:45:28', 4, '2018-05-09 08:45:28'),
('B000147', 'C', '3', 'LAIN-LAIN', 4, '2018-05-09 08:58:45', 4, '2018-05-09 08:58:45'),
('B000148', 'C', '3', 'LAIN-LAIN', 4, '2018-05-09 09:04:35', 4, '2018-05-09 09:04:35'),
('B000149', 'C', '3', 'LAIN-LAIN', 4, '2018-05-09 09:07:29', 4, '2018-05-09 09:07:29'),
('B000150', 'C', '3', 'LAIN-LAIN', 4, '2018-05-09 09:19:57', 4, '2018-05-09 09:19:57'),
('B000151', 'C', '3', 'LAIN-LAIN', 4, '2018-05-09 09:22:26', 4, '2018-05-09 09:22:26'),
('B000152', 'C', '3', 'LAIN-LAIN', 4, '2018-05-09 09:26:24', 4, '2018-05-09 09:26:24'),
('B000153', 'C', '3', 'LAIN-LAIN', 4, '2018-05-09 09:26:35', 4, '2018-05-09 09:26:35'),
('B000154', 'C', '3', 'LAIN-LAIN', 4, '2018-05-09 09:43:26', 4, '2018-05-09 09:43:26'),
('B000155', 'C', '3', 'LAIN-LAIN', 4, '2018-05-09 09:44:16', 4, '2018-05-09 09:44:16'),
('B000156', 'C', '3', 'LAIN-LAIN', 4, '2018-05-09 09:49:26', 4, '2018-05-09 09:49:26'),
('B000157', 'C', '3', 'LAIN-LAIN', 4, '2018-05-09 09:59:50', 4, '2018-05-09 09:59:50'),
('B000158', 'C', '3', 'LAIN-LAIN', 4, '2018-05-09 10:00:19', 4, '2018-05-09 10:00:19'),
('B000159', 'C', '3', 'LAIN-LAIN', 4, '2018-05-09 10:12:57', 4, '2018-05-09 10:12:57'),
('B000160', 'C', '3', 'LAIN-LAIN', 4, '2018-05-09 10:15:16', 4, '2018-05-09 10:15:16'),
('B000161', 'C', '4', 'LAIN-LAIN', 4, '2018-05-14 01:47:49', 4, '2018-05-14 01:47:49'),
('B000162', 'C', '4', 'LAIN - LAIN', 4, '2018-05-14 02:31:02', 4, '2018-05-14 02:31:02'),
('B000163', 'C', '4', 'LAIN - LAIN', 4, '2018-05-14 03:01:43', 4, '2018-05-14 03:01:43'),
('B000164', 'C', '4', 'LAIN - LAIN', 4, '2018-05-14 03:36:25', 4, '2018-05-14 03:36:25'),
('B000165', 'C', '4', 'LAIN - LAIN', 4, '2018-05-14 04:08:40', 4, '2018-05-14 04:08:40'),
('B000166', 'C', '4', 'LAIN - LAIN', 4, '2018-05-14 06:04:39', 4, '2018-05-14 06:04:39'),
('B000167', 'C', '4', 'LAIN - LAIN', 4, '2018-05-14 06:31:22', 4, '2018-05-14 06:31:22'),
('B000168', 'C', '4', 'LAIN - LAIN', 4, '2018-05-14 07:15:50', 4, '2018-05-14 07:15:50'),
('B000169', 'C', '4', 'LAIN-LAIN', 4, '2018-05-14 07:45:47', 4, '2018-05-14 07:45:47'),
('B000170', 'C', '4', 'LAIN-LAIN', 4, '2018-05-14 07:46:41', 4, '2018-05-14 07:46:41'),
('B000171', 'C', '4', 'LAIN-LAIN', 4, '2018-05-14 08:03:13', 4, '2018-05-14 08:03:13'),
('B000172', 'C', '4', 'LAIN-LAIN', 4, '2018-05-14 08:06:25', 4, '2018-05-14 08:06:25'),
('B000173', 'C', '4', 'LAIN-LAIN', 4, '2018-05-14 08:16:43', 4, '2018-05-14 08:16:43'),
('B000174', 'C', '4', 'LAIN-LAIN', 4, '2018-05-14 08:21:12', 4, '2018-05-14 08:21:12'),
('B000175', 'C', '4', 'LAIN-LAIN', 4, '2018-05-14 08:27:16', 4, '2018-05-14 08:27:16'),
('B000176', 'C', '4', 'LAIN-LAIN', 4, '2018-05-14 08:40:08', 4, '2018-05-14 08:40:08'),
('B000177', 'D', '1', 'LAIN-LAIN', 4, '2018-05-14 08:47:51', 4, '2018-05-14 08:47:51'),
('B000178', 'D', '1', 'LAIN-LAIN', 4, '2018-05-14 08:54:08', 4, '2018-05-14 08:54:08'),
('B000179', 'D', '1', 'LAIN-LAIN', 4, '2018-05-14 09:00:03', 4, '2018-05-14 09:00:03'),
('B000180', 'D', '1', 'LAIN-LAIN', 4, '2018-05-14 09:04:04', 4, '2018-05-14 09:04:04'),
('B000181', 'D', '1', 'LAIN-LAIN', 4, '2018-05-14 09:13:32', 4, '2018-05-14 09:13:32'),
('B000182', 'D', '1', 'LAIN-LAIN', 4, '2018-05-14 09:20:40', 4, '2018-05-14 09:20:40'),
('B000183', 'D', '1', 'LAIN-LAIN', 4, '2018-05-14 09:49:43', 4, '2018-05-14 09:49:43'),
('B000184', 'D', '1', 'LAIN-LAIN', 4, '2018-05-14 09:50:06', 4, '2018-05-14 09:50:06'),
('B000185', 'D', '1', 'LAIN-LAIN', 4, '2018-05-14 09:58:06', 4, '2018-05-14 09:58:06'),
('B000186', 'D', '1', 'LAIN - LAIN', 4, '2018-05-14 09:58:56', 4, '2018-05-14 09:58:56'),
('B000187', 'D', '1', 'LAIN-LAIN', 4, '2018-05-14 10:00:56', 4, '2018-05-14 10:00:56'),
('B000188', 'D', '1', 'LAIN-LAIN', 4, '2018-05-14 10:17:58', 4, '2018-05-14 10:17:58'),
('B000189', 'D', '1', 'LAIN-LAIN', 4, '2018-05-14 10:21:34', 4, '2018-05-14 10:21:34'),
('B000190', 'D', '1', 'LAIN-LAIN', 4, '2018-05-14 10:21:46', 4, '2018-05-14 10:21:46'),
('B000191', 'D', '1', 'LAIN - LAIN', 4, '2018-05-15 00:54:21', 4, '2018-05-15 00:54:21'),
('B000192', 'D', '1', 'LAIN - LAIN', 4, '2018-05-15 01:25:32', 4, '2018-05-15 01:25:32'),
('B000193', 'D', '2', 'LAIN - LAIN', 4, '2018-05-15 01:55:10', 4, '2018-05-15 01:55:10'),
('B000194', 'D', '2', 'LAIN - LAIN', 4, '2018-05-15 02:19:48', 4, '2018-05-15 02:19:48'),
('B000195', 'D', '2', 'LAIN - LAIN', 4, '2018-05-15 02:53:42', 4, '2018-05-15 02:53:42'),
('B000196', 'D', '2', 'LAIN - LAIN', 4, '2018-05-15 03:28:41', 4, '2018-05-15 03:28:41'),
('B000197', 'D', '2', 'LAIN - LAIN', 4, '2018-05-15 03:56:45', 4, '2018-05-15 03:56:45'),
('B000198', 'D', '2', 'LAIN - LAIN', 4, '2018-05-15 06:12:37', 4, '2018-05-15 06:12:37'),
('B000199', 'D', '2', 'LAIN - LAIN', 4, '2018-05-15 06:36:52', 4, '2018-05-15 06:36:52'),
('B000200', 'D', '2', 'LAIN - LAIN', 4, '2018-05-15 07:04:19', 4, '2018-05-15 07:04:19'),
('B000201', 'D', '2', 'LAIN-LAIN', 4, '2018-05-15 07:28:46', 4, '2018-05-15 07:28:46'),
('B000202', 'D', '2', 'LAIN-LAIN', 4, '2018-05-15 07:29:00', 4, '2018-05-15 07:29:00'),
('B000203', 'D', '2', 'LAIN-LAIN', 4, '2018-05-15 07:29:11', 4, '2018-05-15 07:29:11'),
('B000204', 'D', '2', 'LAIN-LAIN', 4, '2018-05-15 07:29:38', 4, '2018-05-15 07:29:38'),
('B000205', 'D', '2', 'LAIN-LAIN', 4, '2018-05-15 07:54:45', 4, '2018-05-15 07:54:45'),
('B000206', 'D', '2', 'LAIN-LAIN', 4, '2018-05-15 07:55:39', 4, '2018-05-15 07:55:39'),
('B000207', 'D', '2', 'LAIN-LAIN', 4, '2018-05-15 08:15:31', 4, '2018-05-15 08:15:31'),
('B000208', 'D', '2', 'LAIN-LAIN', 4, '2018-05-15 08:15:41', 4, '2018-05-15 08:15:41'),
('B000209', 'D', '3', 'LAIN LAIN', 4, '2018-05-15 08:19:23', 4, '2018-05-15 08:21:26'),
('B000210', 'D', '3', 'LAIN-LAIN', 4, '2018-05-15 08:20:32', 4, '2018-05-15 08:20:32'),
('B000211', 'D', '3', 'LAIN - LAIN', 4, '2018-05-15 08:33:33', 4, '2018-05-15 08:33:33'),
('B000212', 'D', '3', 'LAIN - LAIN', 4, '2018-05-15 08:34:10', 4, '2018-05-15 08:34:10'),
('B000213', 'D', '3', 'LAIN-LAIN', 4, '2018-05-15 08:41:31', 4, '2018-05-15 08:41:31'),
('B000214', 'D', '3', 'LAIN-LAIN', 4, '2018-05-15 08:41:40', 4, '2018-05-15 08:41:40'),
('B000215', 'D', '3', 'LAIN-LAIN', 4, '2018-05-15 08:43:21', 4, '2018-05-15 08:43:21'),
('B000216', 'D', '3', 'LAIN-LAIN', 4, '2018-05-15 08:43:41', 4, '2018-05-15 08:43:41'),
('B000217', 'D', '3', 'LAIN-LAIN', 4, '2018-05-15 08:43:57', 4, '2018-05-15 08:43:57'),
('B000218', 'D', '3', 'LAIN-LAIN', 4, '2018-05-15 08:47:46', 4, '2018-05-15 08:47:46'),
('B000219', 'D', '3', 'LAIN-LAIN', 4, '2018-05-15 08:48:01', 4, '2018-05-15 08:48:01'),
('B000220', 'D', '3', 'LAIN-LAIN', 4, '2018-05-15 08:48:18', 4, '2018-05-15 08:48:18'),
('B000221', 'D', '3', 'LAIN - LAIN', 4, '2018-05-15 09:11:46', 4, '2018-05-15 09:11:46'),
('B000222', 'D', '3', 'LAIN-LAIN', 4, '2018-05-15 09:16:58', 4, '2018-05-15 09:16:58'),
('B000223', 'D', '3', 'LAIN-LAIN', 4, '2018-05-15 09:17:20', 4, '2018-05-15 09:17:20'),
('B000224', 'D', '3', 'LAIN-LAIN', 4, '2018-05-15 09:17:33', 4, '2018-05-15 09:17:33'),
('B000225', 'D', '4', 'LAIN-LAIN', 4, '2018-05-15 09:33:18', 4, '2018-05-15 09:33:18'),
('B000226', 'D', '4', 'LAIN-LAIN', 4, '2018-05-15 09:33:27', 4, '2018-05-15 09:33:27'),
('B000227', 'D', '4', 'LAIN-LAIN', 4, '2018-05-15 10:05:22', 4, '2018-05-15 10:05:22'),
('B000228', 'D', '4', 'LAIN-LAIN', 4, '2018-05-15 10:05:42', 4, '2018-05-15 10:05:42'),
('B000229', 'D', '4', 'LAIN-LAIN', 4, '2018-05-15 10:23:06', 4, '2018-05-15 10:23:06'),
('B000230', 'D', '4', 'LAIN - LAIN', 4, '2018-05-16 01:41:00', 4, '2018-05-16 01:41:00'),
('B000231', 'D', '4', 'LAIN-LAIN', 4, '2018-05-16 02:35:55', 4, '2018-05-16 02:35:55'),
('B000232', 'D', '4', 'LAIN-LAIN', 4, '2018-05-16 02:36:08', 4, '2018-05-16 02:36:08'),
('B000233', 'D', '4', 'LAIN-LAIN', 4, '2018-05-16 02:36:25', 4, '2018-05-16 02:36:25'),
('B000234', 'D', '4', 'LAIN-LAIN', 4, '2018-05-16 02:37:43', 4, '2018-05-16 02:37:43'),
('B000235', 'D', '4', 'LAIN-LAIN', 4, '2018-05-16 02:37:52', 4, '2018-05-16 02:37:52'),
('B000236', 'D', '4', 'LAIN-LAIN', 4, '2018-05-16 03:12:17', 4, '2018-05-16 03:12:17'),
('B000237', 'D', '4', 'LAIN-LAIN', 4, '2018-05-16 03:12:25', 4, '2018-05-16 03:12:25'),
('B000238', 'D', '4', 'LAIN - LAIN', 4, '2018-05-16 03:12:40', 4, '2018-05-16 03:12:40'),
('B000239', 'D', '4', 'LAIN-LAIN', 4, '2018-05-16 03:39:39', 4, '2018-05-16 04:16:20'),
('B000240', 'D', '4', 'LAIN-LAIN', 4, '2018-05-16 03:41:49', 4, '2018-05-16 03:41:49'),
('B000241', 'E', '1', 'LAIN-LAIN', 4, '2018-05-16 03:42:06', 4, '2018-05-16 03:42:06'),
('B000242', 'E', '1', 'LAIN-LAIN', 4, '2018-05-16 04:06:08', 4, '2018-05-16 04:06:08'),
('B000243', 'E', '1', 'LAIN-LAIN', 4, '2018-05-16 04:16:31', 4, '2018-05-16 04:16:31'),
('B000244', 'E', '1', 'LAIN-LAIN', 4, '2018-05-16 04:16:47', 4, '2018-05-16 04:16:47'),
('B000245', 'E', '1', 'LAIN-LAIN', 4, '2018-05-16 06:04:51', 4, '2018-05-16 06:04:51'),
('B000246', 'E', '1', 'LAIN-LAIN', 4, '2018-05-16 06:05:11', 4, '2018-05-16 06:05:11'),
('B000247', 'E', '1', 'LAIN-LAIN', 4, '2018-05-16 06:15:26', 4, '2018-05-16 06:48:30'),
('B000248', 'E', '1', 'LAIN-LAIN', 4, '2018-05-16 06:50:37', 4, '2018-05-16 06:50:37'),
('B000249', 'E', '1', 'LAIN - LAIN', 4, '2018-05-16 06:50:46', 4, '2018-05-16 06:50:46'),
('B000250', 'E', '1', 'LAIN-LAIN', 4, '2018-05-16 07:18:11', 4, '2018-05-16 07:18:11'),
('B000251', 'E', '1', 'LAIN-LAIN', 4, '2018-05-16 07:23:18', 4, '2018-05-16 07:23:18'),
('B000252', 'E', '1', 'LAIN-LAIN', 4, '2018-05-16 07:46:05', 4, '2018-05-16 07:46:05'),
('B000253', 'E', '1', 'LAIN - LAIN', 4, '2018-05-16 08:23:46', 4, '2018-05-16 08:23:46'),
('B000254', 'E', '1', 'LAIN - LAIN', 4, '2018-05-17 01:05:20', 4, '2018-05-17 01:05:20'),
('B000255', 'E', '1', 'LAIN - LAIN', 4, '2018-05-17 02:02:57', 4, '2018-05-17 02:02:57'),
('B000256', 'E', '1', 'LAIN - LAIN', 4, '2018-05-17 02:50:15', 4, '2018-05-17 02:50:15'),
('B000257', 'E', '2', 'LAIN - LAIN', 4, '2018-05-17 03:39:07', 4, '2018-05-17 03:39:07'),
('B000258', 'E', '2', 'LAIN - LAIN', 4, '2018-05-17 04:21:19', 4, '2018-05-17 04:21:19'),
('B000259', 'E', '2', 'LAIN - LAIN', 4, '2018-05-17 06:34:35', 4, '2018-05-17 06:34:35'),
('B000260', 'E', '2', 'LAIN - LAIN', 4, '2018-05-17 07:21:57', 4, '2018-05-17 07:21:57'),
('B000261', 'E', '2', 'LAIN - LAIN', 4, '2018-05-18 00:57:22', 4, '2018-05-18 00:57:22'),
('B000262', 'E', '2', 'LAIN - LAIN', 4, '2018-05-18 01:35:16', 4, '2018-05-18 01:35:16'),
('B000263', 'E', '2', 'LAIN - LAIN', 4, '2018-05-18 02:13:15', 4, '2018-05-18 02:13:15'),
('B000264', 'E', '2', 'LAIN - LAIN', 4, '2018-05-18 02:55:24', 4, '2018-05-18 02:55:24'),
('B000265', 'E', '2', 'LAIN - LAIN', 4, '2018-05-18 03:36:57', 4, '2018-05-18 03:36:57'),
('B000266', 'E', '2', 'LAIN - LAIN', 4, '2018-05-18 06:14:09', 4, '2018-05-18 06:14:09'),
('B000267', 'E', '2', 'LAIN - LAIN', 4, '2018-05-18 07:01:36', 4, '2018-05-18 07:01:36'),
('B000268', 'E', '2', 'LAIN - LAIN', 4, '2018-05-21 00:46:08', 4, '2018-05-21 00:46:08'),
('B000269', 'E', '2', 'LAIN - LAIN', 4, '2018-05-21 01:35:30', 4, '2018-05-21 01:35:30'),
('B000270', 'E', '2', 'LAIN - LAIN', 4, '2018-05-21 02:22:21', 4, '2018-05-21 02:22:21'),
('B000271', 'E', '2', 'LAIN - LAIN', 4, '2018-05-21 03:55:38', 4, '2018-05-21 03:55:38'),
('B000272', 'E', '2', 'LAIN-LAIN', 4, '2018-05-21 06:42:43', 4, '2018-05-21 06:43:07'),
('B000273', 'E', '3', 'LAIN-LAIN', 4, '2018-05-21 06:44:15', 4, '2018-05-21 06:44:15'),
('B000274', 'E', '3', 'LAIN-LAIN', 4, '2018-05-21 06:44:32', 4, '2018-05-21 06:44:32'),
('B000275', 'E', '3', 'LAIN-LAIN', 4, '2018-05-21 06:44:49', 4, '2018-05-21 06:44:49'),
('B000276', 'E', '3', 'LAIN-LAIN', 4, '2018-05-21 06:45:02', 4, '2018-05-21 06:45:02'),
('B000277', 'E', '3', 'LAIN-LAIN', 4, '2018-05-21 06:45:33', 4, '2018-05-21 06:45:33'),
('B000278', 'E', '3', 'LAIN-LAIN', 4, '2018-05-21 07:32:49', 4, '2018-05-21 07:32:49'),
('B000279', 'E', '3', 'LAIN-LAIN', 4, '2018-05-21 08:01:37', 4, '2018-05-21 08:01:37'),
('B000280', 'E', '3', 'LAIN-LAIN', 4, '2018-05-21 08:14:11', 4, '2018-05-21 08:14:11'),
('B000281', 'E', '3', 'LAIN-LAIN', 4, '2018-05-21 08:14:31', 4, '2018-05-21 08:14:31'),
('B000282', 'E', '3', 'LAIN-LAIN', 4, '2018-05-21 08:14:52', 4, '2018-05-21 08:14:52'),
('B000283', 'E', '3', 'LAIN-LAIN', 4, '2018-05-21 08:15:12', 4, '2018-05-21 08:15:12'),
('B000284', 'E', '3', 'LAIN-LAIN', 4, '2018-05-21 08:15:25', 4, '2018-05-21 08:15:25'),
('B000285', 'E', '3', 'STP TAHUN 2017', 4, '2018-05-23 01:07:04', 4, '2018-05-23 01:07:04'),
('B000286', 'E', '3', 'STP TAHUN 2017', 4, '2018-05-24 03:43:13', 4, '2018-05-24 03:43:13'),
('B000287', 'E', '3', 'STP TAHUN 2017', 4, '2018-05-28 03:45:19', 4, '2018-06-05 04:03:58'),
('B000288', 'E', '3', 'STP TAHUN 2017', 4, '2018-06-04 02:20:23', 4, '2018-06-04 02:20:23'),
('B000289', 'E', '4', 'STP TAHUN 2017', 4, '2018-06-05 06:09:21', 4, '2018-06-05 06:09:21'),
('B000290', 'E', '4', 'STP TAHUN 2017', 4, '2018-06-08 00:54:20', 4, '2018-06-08 00:54:20'),
('B000291', 'E', '4', 'STP TAHUN 2017', 4, '2018-06-25 04:23:36', 4, '2018-06-25 04:23:36'),
('B000292', 'E', '4', 'STP SKPKB', 4, '2018-08-03 02:23:56', 4, '2018-08-03 02:23:56'),
('B000293', 'E', '04', 'STP SKPKB', 4, '2018-08-13 03:20:54', 4, '2018-08-13 03:20:54'),
('B000294', 'E', '04', 'STP SKPKB', 4, '2018-08-30 02:04:38', 4, '2018-08-30 02:04:38');

-- --------------------------------------------------------

--
-- Struktur dari tabel `profile`
--

CREATE TABLE `profile` (
  `id` int(11) NOT NULL,
  `npwp` varchar(100) NOT NULL,
  `kode_kpp` varchar(100) NOT NULL,
  `kode_cabang` varchar(100) NOT NULL,
  `nama` varchar(100) NOT NULL,
  `alamat` varchar(200) NOT NULL,
  `kelurahan` varchar(100) NOT NULL,
  `kota` varchar(50) NOT NULL,
  `nomor_telepon` varchar(20) NOT NULL,
  `klu_sidjp` varchar(50) NOT NULL,
  `klu_faktual` varchar(50) NOT NULL,
  `nomor_akta` varchar(50) NOT NULL,
  `tgl_akta` date NOT NULL,
  `nomor_aktaperubahan` varchar(50) DEFAULT NULL,
  `tgl_aktaperubahan` date DEFAULT NULL,
  `kendala` text NOT NULL,
  `saran_masukan` text NOT NULL,
  `lain_lain` text NOT NULL,
  `arsip` varchar(255) NOT NULL
) ENGINE=InnoDB DEFAULT CHARSET=latin1;

-- --------------------------------------------------------

--
-- Struktur dari tabel `surat_keluar`
--

CREATE TABLE `surat_keluar` (
  `id_surat_keluar` bigint(20) NOT NULL,
  `nomor_agenda` bigint(20) NOT NULL,
  `tanggal_register` date NOT NULL,
  `tujuan_surat` int(11) NOT NULL,
  `nomor_surat` varchar(50) NOT NULL,
  `tanggal_surat` date NOT NULL,
  `perihal` varchar(50) NOT NULL,
  `keterangan` text NOT NULL,
  `arsip` varchar(255) NOT NULL,
  `created_user` int(11) NOT NULL,
  `created_date` timestamp NOT NULL DEFAULT CURRENT_TIMESTAMP,
  `updated_user` int(11) DEFAULT NULL,
  `updated_date` datetime DEFAULT NULL
) ENGINE=InnoDB DEFAULT CHARSET=latin1;

--
-- Dumping data untuk tabel `surat_keluar`
--

INSERT INTO `surat_keluar` (`id_surat_keluar`, `nomor_agenda`, `tanggal_register`, `tujuan_surat`, `nomor_surat`, `tanggal_surat`, `perihal`, `keterangan`, `arsip`, `created_user`, `created_date`, `updated_user`, `updated_date`) VALUES
(1, 1, '2018-12-12', 1, '002/PANAGIHAN/2018', '2018-12-26', 'Permintaan perbaikan SIAS modul Upload File', 'agar segera dikerjakan gapake lama', '1_DAFTAR HARTA.PDF', 1, '2018-12-26 03:51:57', NULL, NULL),
(2, 1, '2019-01-11', 3, 'BERITA ACARA 12 13 14', '2019-01-10', 'BERITA ACARA KOHIR TIDAK DITERBITKAN', 'BA kohir tidak terbit\r\nBA hasil penelitian data ketetapan tidak urut \r\nba mpn skp salahs', '2_berita acara 12 13 14 malang utara_1.PDF', 1, '2019-01-11 01:36:22', 1, '2019-01-17 15:02:50');

--
-- Trigger `surat_keluar`
--
DELIMITER $$
CREATE TRIGGER `surat_keluar_insert` AFTER INSERT ON `surat_keluar` FOR EACH ROW BEGIN
INSERT INTO sys_audit_trail (username,action,description) VALUES (NEW.created_user,'Insert',CONCAT('<b>Insert</b> data surat keluar pada tabel <b>surat keluar</b>.<br><b>[ID Surat Keluar : </b>',NEW.id_surat_keluar,'<b>][Nomor Agenda : </b>',NEW.nomor_agenda,'<b>][Tanggal Register : </b>',NEW.tanggal_register,'<b>][ID Instansi : </b>',NEW.tujuan_surat,'<b>][Nomor Surat : </b>',NEW.nomor_surat,'<b>][Tanggal Surat : </b>',NEW.tanggal_surat,'<b>][Perihal : </b>',NEW.perihal,'<b>][Keterangan : </b>',NEW.keterangan,'<b>][Arsip : </b>',NEW.arsip,'<b>]</b>' ));
END
$$
DELIMITER ;
DELIMITER $$
CREATE TRIGGER `surat_keluar_update` AFTER UPDATE ON `surat_keluar` FOR EACH ROW BEGIN
INSERT INTO sys_audit_trail (username,action,description) VALUES (NEW.updated_user,'Update',CONCAT('<b>Update</b> data surat keluar pada tabel <b>surat keluar</b>.<br><b>Data Lama = [ID Surat Keluar : </b>',OLD.id_surat_keluar,'<b>][Nomor Agenda : </b>',OLD.nomor_agenda,'<b>][Tanggal Register : </b>',OLD.tanggal_register,'<b>][ID Instansi : </b>',OLD.tujuan_surat,'<b>][Nomor Surat : </b>',OLD.nomor_surat,'<b>][Tanggal Surat : </b>',OLD.tanggal_surat,'<b>][Perihal : </b>',OLD.perihal,'<b>][Keterangan : </b>',OLD.keterangan,'<b>][Arsip : </b>',OLD.arsip,'<b>],<br> Data Baru = [ID Surat Keluar : </b>',NEW.id_surat_keluar,'<b>][Nomor Agenda : </b>',NEW.nomor_agenda,'<b>][Tanggal Register : </b>',NEW.tanggal_register,'<b>][ID Instansi : </b>',NEW.tujuan_surat,'<b>][Nomor Surat : </b>',NEW.nomor_surat,'<b>][Tanggal Surat : </b>',NEW.tanggal_surat,'<b>][Perihal : </b>',NEW.perihal,'<b>][Keterangan : </b>',NEW.keterangan,'<b>][Arsip : </b>',NEW.arsip,'<b>]</b>' ));
END
$$
DELIMITER ;

-- --------------------------------------------------------

--
-- Struktur dari tabel `surat_masuk`
--

CREATE TABLE `surat_masuk` (
  `id_surat_masuk` bigint(20) NOT NULL,
  `nomor_agenda` bigint(20) NOT NULL,
  `tanggal_diterima` date NOT NULL,
  `asal_surat` int(11) NOT NULL,
  `nomor_surat` varchar(50) NOT NULL,
  `tanggal_surat` date NOT NULL,
  `sifat_surat` enum('Rahasia','Penting','Biasa') NOT NULL,
  `perihal` varchar(50) NOT NULL,
  `keterangan` text NOT NULL,
  `arsip` varchar(255) NOT NULL,
  `created_user` int(11) NOT NULL,
  `created_date` timestamp NOT NULL DEFAULT CURRENT_TIMESTAMP,
  `updated_user` int(11) DEFAULT NULL,
  `updated_date` datetime DEFAULT NULL
) ENGINE=InnoDB DEFAULT CHARSET=latin1;

--
-- Dumping data untuk tabel `surat_masuk`
--

INSERT INTO `surat_masuk` (`id_surat_masuk`, `nomor_agenda`, `tanggal_diterima`, `asal_surat`, `nomor_surat`, `tanggal_surat`, `sifat_surat`, `perihal`, `keterangan`, `arsip`, `created_user`, `created_date`, `updated_user`, `updated_date`) VALUES
(3, 1, '2019-01-09', 5, 'KEP-558/WPJ.12/KP.01/2018', '2018-12-31', 'Biasa', 'distribusi rencana penerimaan pajak dari kegiatans', 'kep kepala kantor', '3_KEP558.PDF', 1, '2019-01-09 04:35:08', 1, '2019-01-17 15:02:12'),
(4, 2, '2019-01-08', 1, 'ND-00314/WPJ.11/KP.07/2018', '2018-12-18', 'Biasa', 'PERMOHONAN KONVERSI KETETAPAN PAJAK GANINA WIDYA R', '97.594.500.7-609.000\r\ndari KPP Surabaya Wonocolo', '4_ganina.pdf.PDF', 1, '2019-01-17 03:56:20', 1, '2019-01-17 10:57:42'),
(5, 3, '2019-03-14', 4, '012', '2019-03-14', 'Biasa', 'Tes', 'Tidak', '5_Laporan_Surat_Masuk_Tanggal_08-01-2019_sd_09-01-2019.pdf', 1, '2019-03-13 21:32:59', NULL, NULL);

--
-- Trigger `surat_masuk`
--
DELIMITER $$
CREATE TRIGGER `surat_masuk_insert` AFTER INSERT ON `surat_masuk` FOR EACH ROW BEGIN
INSERT INTO sys_audit_trail (username,action,description) VALUES (NEW.created_user,'Insert',CONCAT('<b>Insert</b> data surat masuk pada tabel <b>surat masuk</b>.<br><b>[ID Surat Masuk : </b>',NEW.id_surat_masuk,'<b>][Nomor Agenda : </b>',NEW.nomor_agenda,'<b>][Tanggal Diterima : </b>',NEW.tanggal_diterima,'<b>][ID Instansi : </b>',NEW.asal_surat,'<b>][Nomor Surat : </b>',NEW.nomor_surat,'<b>][Tanggal Surat : </b>',NEW.tanggal_surat,'<b>][Sifat Surat : </b>',NEW.sifat_surat,'<b>][Perihal : </b>',NEW.perihal,'<b>][Keterangan : </b>',NEW.keterangan,'<b>][Arsip : </b>',NEW.arsip,'<b>]</b>' ));
END
$$
DELIMITER ;
DELIMITER $$
CREATE TRIGGER `surat_masuk_update` AFTER UPDATE ON `surat_masuk` FOR EACH ROW BEGIN
INSERT INTO sys_audit_trail (username,action,description) VALUES (NEW.updated_user,'Update',CONCAT('<b>Update</b> data surat masuk pada tabel <b>surat masuk</b>.<br><b>Data Lama = [ID Surat Masuk : </b>',OLD.id_surat_masuk,'<b>][Nomor Agenda : </b>',OLD.nomor_agenda,'<b>][Tanggal Diterima : </b>',OLD.tanggal_diterima,'<b>][ID Instansi : </b>',OLD.asal_surat,'<b>][Nomor Surat : </b>',OLD.nomor_surat,'<b>][Tanggal Surat : </b>',OLD.tanggal_surat,'<b>][Sifat Surat : </b>',OLD.sifat_surat,'<b>][Perihal : </b>',OLD.perihal,'<b>][Keterangan : </b>',OLD.keterangan,'<b>][Arsip : </b>',OLD.arsip,'<b>],<br> Data Baru = [ID Surat Masuk : </b>',NEW.id_surat_masuk,'<b>][Nomor Agenda : </b>',NEW.nomor_agenda,'<b>][Tanggal Diterima : </b>',NEW.tanggal_diterima,'<b>][ID Instansi : </b>',NEW.asal_surat,'<b>][Nomor Surat : </b>',NEW.nomor_surat,'<b>][Tanggal Surat : </b>',NEW.tanggal_surat,'<b>][Sifat Surat : </b>',NEW.sifat_surat,'<b>][Perihal : </b>',NEW.perihal,'<b>][Keterangan : </b>',NEW.keterangan,'<b>][Arsip : </b>',NEW.arsip,'<b>]</b>' ));
END
$$
DELIMITER ;

-- --------------------------------------------------------

--
-- Struktur dari tabel `surat_masuk_copy`
--

CREATE TABLE `surat_masuk_copy` (
  `id_surat_masuk` bigint(20) NOT NULL,
  `nomor_agenda` bigint(20) NOT NULL,
  `tanggal_diterima` date NOT NULL,
  `asal_surat` int(11) NOT NULL,
  `nomor_surat` varchar(50) NOT NULL,
  `tanggal_surat` date NOT NULL,
  `sifat_surat` enum('Rahasia','Penting','Biasa') NOT NULL,
  `perihal` varchar(50) NOT NULL,
  `keterangan` text NOT NULL,
  `arsip` varchar(255) NOT NULL,
  `created_user` int(11) NOT NULL,
  `created_date` timestamp NOT NULL DEFAULT CURRENT_TIMESTAMP,
  `updated_user` int(11) DEFAULT NULL,
  `updated_date` datetime DEFAULT NULL
) ENGINE=InnoDB DEFAULT CHARSET=latin1;

--
-- Dumping data untuk tabel `surat_masuk_copy`
--

INSERT INTO `surat_masuk_copy` (`id_surat_masuk`, `nomor_agenda`, `tanggal_diterima`, `asal_surat`, `nomor_surat`, `tanggal_surat`, `sifat_surat`, `perihal`, `keterangan`, `arsip`, `created_user`, `created_date`, `updated_user`, `updated_date`) VALUES
(1, 1, '2018-12-13', 1, '321', '2018-12-13', 'Penting', 'dsfd', 'dsfdsf', '', 1, '2018-12-13 07:17:04', NULL, NULL),
(2, 2, '2018-12-13', 2, '3211', '2018-12-12', 'Rahasia', 'tes tes', 'tes tess', '', 1, '2018-12-13 07:50:24', NULL, NULL);

--
-- Trigger `surat_masuk_copy`
--
DELIMITER $$
CREATE TRIGGER `surat_masuk_insert_copy` AFTER INSERT ON `surat_masuk_copy` FOR EACH ROW BEGIN
INSERT INTO sys_audit_trail (username,action,description) VALUES (NEW.created_user,'Insert',CONCAT('<b>Insert</b> data surat masuk pada tabel <b>surat masuk</b>.<br><b>[ID Surat Masuk : </b>',NEW.id_surat_masuk,'<b>][Nomor Agenda : </b>',NEW.nomor_agenda,'<b>][Tanggal Diterima : </b>',NEW.tanggal_diterima,'<b>][ID Instansi : </b>',NEW.asal_surat,'<b>][Nomor Surat : </b>',NEW.nomor_surat,'<b>][Tanggal Surat : </b>',NEW.tanggal_surat,'<b>][Sifat Surat : </b>',NEW.sifat_surat,'<b>][Perihal : </b>',NEW.perihal,'<b>][Keterangan : </b>',NEW.keterangan,'<b>][Arsip : </b>',NEW.arsip,'<b>]</b>' ));
END
$$
DELIMITER ;
DELIMITER $$
CREATE TRIGGER `surat_masuk_update_copy` AFTER UPDATE ON `surat_masuk_copy` FOR EACH ROW BEGIN
INSERT INTO sys_audit_trail (username,action,description) VALUES (NEW.updated_user,'Update',CONCAT('<b>Update</b> data surat masuk pada tabel <b>surat masuk</b>.<br><b>Data Lama = [ID Surat Masuk : </b>',OLD.id_surat_masuk,'<b>][Nomor Agenda : </b>',OLD.nomor_agenda,'<b>][Tanggal Diterima : </b>',OLD.tanggal_diterima,'<b>][ID Instansi : </b>',OLD.asal_surat,'<b>][Nomor Surat : </b>',OLD.nomor_surat,'<b>][Tanggal Surat : </b>',OLD.tanggal_surat,'<b>][Sifat Surat : </b>',OLD.sifat_surat,'<b>][Perihal : </b>',OLD.perihal,'<b>][Keterangan : </b>',OLD.keterangan,'<b>][Arsip : </b>',OLD.arsip,'<b>],<br> Data Baru = [ID Surat Masuk : </b>',NEW.id_surat_masuk,'<b>][Nomor Agenda : </b>',NEW.nomor_agenda,'<b>][Tanggal Diterima : </b>',NEW.tanggal_diterima,'<b>][ID Instansi : </b>',NEW.asal_surat,'<b>][Nomor Surat : </b>',NEW.nomor_surat,'<b>][Tanggal Surat : </b>',NEW.tanggal_surat,'<b>][Sifat Surat : </b>',NEW.sifat_surat,'<b>][Perihal : </b>',NEW.perihal,'<b>][Keterangan : </b>',NEW.keterangan,'<b>][Arsip : </b>',NEW.arsip,'<b>]</b>' ));
END
$$
DELIMITER ;

-- --------------------------------------------------------

--
-- Struktur dari tabel `sys_audit_trail`
--

CREATE TABLE `sys_audit_trail` (
  `ID` bigint(20) NOT NULL,
  `datetime` timestamp NOT NULL DEFAULT CURRENT_TIMESTAMP,
  `username` varchar(30) NOT NULL,
  `action` enum('Insert','Update','Delete') NOT NULL,
  `description` text NOT NULL
) ENGINE=InnoDB DEFAULT CHARSET=latin1;

--
-- Dumping data untuk tabel `sys_audit_trail`
--

INSERT INTO `sys_audit_trail` (`ID`, `datetime`, `username`, `action`, `description`) VALUES
(8, '2018-12-13 04:11:27', '1', 'Update', '<b>Update</b> data instansi pada tabel <b>sys_config</b>.<br><b>Data Lama = [Nama Instansi : </b>SMK NUSANTARA<b>][Alamat : </b>Jalan Teuku Umar No 100, Kedaton, Bandar Lampung, Lampung<b>][Telepon : </b>081377783334<b>][Fax : </b>081377783334<b>][Email : </b>smknusantara@gmail.com<b>][Website : </b>www.smknusantara.sch.id<b>][Logo : </b>logo.png<b>],<br> Data Baru = [Nama Instansi : </b>KPP PRATAMA MALANG UTARA<b>][Alamat : </b>Jalan Jaksa Agung Suprapto 29<b>][Telepon : </b>081377783334<b>][Fax : </b>081377783334<b>][Email : </b>malangutara@gmail.com<b>][Website : </b>http://malangutara.com<b>][Logo : </b>logo.png<b>]</b>'),
(9, '2018-12-13 04:12:18', '1', 'Update', '<b>Update</b> data user pada tabel <b>sys_users</b>.<br><b>Data Lama = [ID User : </b>1<b>][Nama User : </b>Indra Styawantoro<b>][Username : </b>admin<b>][Password : </b>0937afa17f4dc08f3c0e5dc908158370ce64df86<b>][Hak Akses : </b>Administrator<b>][Blokir : </b>Tidak<b>],<br> Data Baru = [ID User : </b>1<b>][Nama User : </b>herry<b>][Username : </b>admin<b>][Password : </b>0937afa17f4dc08f3c0e5dc908158370ce64df86<b>][Hak Akses : </b>Administrator<b>][Blokir : </b>Tidak<b>]</b>'),
(10, '2018-12-13 04:12:42', '1', 'Update', '<b>Update</b> data user pada tabel <b>sys_users</b>.<br><b>Data Lama = [ID User : </b>1<b>][Nama User : </b>herry<b>][Username : </b>admin<b>][Password : </b>0937afa17f4dc08f3c0e5dc908158370ce64df86<b>][Hak Akses : </b>Administrator<b>][Blokir : </b>Tidak<b>],<br> Data Baru = [ID User : </b>1<b>][Nama User : </b>herry<b>][Username : </b>admin<b>][Password : </b>0937afa17f4dc08f3c0e5dc908158370ce64df86<b>][Hak Akses : </b>Administrator<b>][Blokir : </b>Tidak<b>]</b>'),
(11, '2018-12-13 04:13:25', '1', 'Insert', '<b>Insert</b> data backup database pada tabel <b>sys_database</b>.<br><b>[ID : </b>1<b>][Nama File : </b>20181213_111325_database.sql.gz<b>][Ukuran File : </b>2 KB<b>]</b>'),
(12, '2018-12-13 07:08:05', '1', 'Insert', '<b>Insert</b> data instansi pada tabel <b>instansi</b>.<br><b>[ID Instansi : </b>1<b>][Nama Instansi : </b>SEKSI PENAGIHAN<b>][Alamat : </b>LANTAI 3<b>]</b>'),
(13, '2018-12-13 07:08:15', '1', 'Insert', '<b>Insert</b> data instansi pada tabel <b>instansi</b>.<br><b>[ID Instansi : </b>2<b>][Nama Instansi : </b>SEKSI PEMERIKSAAN<b>][Alamat : </b>LANTAI 3<b>]</b>'),
(14, '2018-12-13 07:17:04', '1', 'Insert', '<b>Insert</b> data surat masuk pada tabel <b>surat masuk</b>.<br><b>[ID Surat Masuk : </b>1<b>][Nomor Agenda : </b>1<b>][Tanggal Diterima : </b>2018-12-13<b>][ID Instansi : </b>1<b>][Nomor Surat : </b>321<b>][Tanggal Surat : </b>2018-12-13<b>][Sifat Surat : </b>Penting<b>][Perihal : </b>dsfd<b>][Keterangan : </b>dsfdsf<b>][Arsip : </b><b>]</b>'),
(15, '2018-12-13 07:42:27', '1', 'Update', '<b>Update</b> data user pada tabel <b>sys_users</b>.<br><b>Data Lama = [ID User : </b>1<b>][Nama User : </b>herry<b>][Username : </b>admin<b>][Password : </b>0937afa17f4dc08f3c0e5dc908158370ce64df86<b>][Hak Akses : </b>Administrator<b>][Blokir : </b>Tidak<b>],<br> Data Baru = [ID User : </b>1<b>][Nama User : </b>herry<b>][Username : </b>admin<b>][Password : </b>0937afa17f4dc08f3c0e5dc908158370ce64df86<b>][Hak Akses : </b>Administrator<b>][Blokir : </b>Tidak<b>]</b>'),
(16, '2018-12-13 07:44:07', '1', 'Update', '<b>Update</b> data instansi pada tabel <b>sys_config</b>.<br><b>Data Lama = [Nama Instansi : </b>KPP PRATAMA MALANG UTARA<b>][Alamat : </b>Jalan Jaksa Agung Suprapto 29<b>][Telepon : </b>081377783334<b>][Fax : </b>081377783334<b>][Email : </b>malangutara@gmail.com<b>][Website : </b>http://malangutara.com<b>][Logo : </b>logo.png<b>],<br> Data Baru = [Nama Instansi : </b>KPP PRATAMA MALANG UTARA<b>][Alamat : </b>Jalan Jaksa Agung Suprapto 29<b>][Telepon : </b>081377783334<b>][Fax : </b>081377783334<b>][Email : </b>malangutara@gmail.com<b>][Website : </b>http://malangutara.com<b>][Logo : </b>djp.jpg<b>]</b>'),
(17, '2018-12-13 07:50:24', '1', 'Insert', '<b>Insert</b> data surat masuk pada tabel <b>surat masuk</b>.<br><b>[ID Surat Masuk : </b>2<b>][Nomor Agenda : </b>2<b>][Tanggal Diterima : </b>2018-12-13<b>][ID Instansi : </b>2<b>][Nomor Surat : </b>3211<b>][Tanggal Surat : </b>2018-12-12<b>][Sifat Surat : </b>Rahasia<b>][Perihal : </b>tes tes<b>][Keterangan : </b>tes tess<b>][Arsip : </b><b>]</b>'),
(18, '2018-12-13 09:03:57', '1', 'Insert', '<b>Insert</b> data backup database pada tabel <b>sys_database</b>.<br><b>[ID : </b>2<b>][Nama File : </b>20181213_160357_database.sql.gz<b>][Ukuran File : </b>2 KB<b>]</b>'),
(19, '2018-12-13 09:04:10', '1', 'Delete', '<b>Delete</b> data backup database pada tabel <b>sys_database</b>. <br> <b>[ID : </b>1<b>][Nama File : </b>20181213_111325_database.sql.gz<b>]'),
(20, '2018-12-14 01:33:19', '1', 'Update', '<b>Update</b> data user pada tabel <b>sys_users</b>.<br><b>Data Lama = [ID User : </b>1<b>][Nama User : </b>herry<b>][Username : </b>admin<b>][Password : </b>0937afa17f4dc08f3c0e5dc908158370ce64df86<b>][Hak Akses : </b>Administrator<b>][Blokir : </b>Tidak<b>],<br> Data Baru = [ID User : </b>1<b>][Nama User : </b>herry<b>][Username : </b>admin<b>][Password : </b>0937afa17f4dc08f3c0e5dc908158370ce64df86<b>][Hak Akses : </b>Administrator<b>][Blokir : </b>Tidak<b>]</b>'),
(21, '2018-12-14 01:38:02', '1', 'Update', '<b>Update</b> data user pada tabel <b>sys_users</b>.<br><b>Data Lama = [ID User : </b>1<b>][Nama User : </b>herry<b>][Username : </b>admin<b>][Password : </b>0937afa17f4dc08f3c0e5dc908158370ce64df86<b>][Hak Akses : </b>Administrator<b>][Blokir : </b>Tidak<b>],<br> Data Baru = [ID User : </b>1<b>][Nama User : </b>herry<b>][Username : </b>admin<b>][Password : </b>0937afa17f4dc08f3c0e5dc908158370ce64df86<b>][Hak Akses : </b>Administrator<b>][Blokir : </b>Tidak<b>]</b>'),
(22, '2018-12-14 01:54:48', '1', 'Update', '<b>Update</b> data user pada tabel <b>sys_users</b>.<br><b>Data Lama = [ID User : </b>1<b>][Nama User : </b>herry<b>][Username : </b>admin<b>][Password : </b>0937afa17f4dc08f3c0e5dc908158370ce64df86<b>][Hak Akses : </b>Administrator<b>][Blokir : </b>Tidak<b>],<br> Data Baru = [ID User : </b>1<b>][Nama User : </b>herry<b>][Username : </b>admin<b>][Password : </b>0937afa17f4dc08f3c0e5dc908158370ce64df86<b>][Hak Akses : </b>Administrator<b>][Blokir : </b>Tidak<b>]</b>'),
(23, '2018-12-14 01:57:39', '1', 'Update', '<b>Update</b> data user pada tabel <b>sys_users</b>.<br><b>Data Lama = [ID User : </b>1<b>][Nama User : </b>herry<b>][Username : </b>admin<b>][Password : </b>0937afa17f4dc08f3c0e5dc908158370ce64df86<b>][Hak Akses : </b>Administrator<b>][Blokir : </b>Tidak<b>],<br> Data Baru = [ID User : </b>1<b>][Nama User : </b>herry<b>][Username : </b>admin<b>][Password : </b>0937afa17f4dc08f3c0e5dc908158370ce64df86<b>][Hak Akses : </b>Administrator<b>][Blokir : </b>Tidak<b>]</b>'),
(24, '2018-12-14 01:58:10', '1', 'Update', '<b>Update</b> data user pada tabel <b>sys_users</b>.<br><b>Data Lama = [ID User : </b>1<b>][Nama User : </b>herry<b>][Username : </b>admin<b>][Password : </b>0937afa17f4dc08f3c0e5dc908158370ce64df86<b>][Hak Akses : </b>Administrator<b>][Blokir : </b>Tidak<b>],<br> Data Baru = [ID User : </b>1<b>][Nama User : </b>herry<b>][Username : </b>admin<b>][Password : </b>0937afa17f4dc08f3c0e5dc908158370ce64df86<b>][Hak Akses : </b>Administrator<b>][Blokir : </b>Tidak<b>]</b>'),
(25, '2018-12-14 03:17:25', '1', 'Update', '<b>Update</b> data user pada tabel <b>sys_users</b>.<br><b>Data Lama = [ID User : </b>1<b>][Nama User : </b>herry<b>][Username : </b>admin<b>][Password : </b>0937afa17f4dc08f3c0e5dc908158370ce64df86<b>][Hak Akses : </b>Administrator<b>][Blokir : </b>Tidak<b>],<br> Data Baru = [ID User : </b>1<b>][Nama User : </b>herry<b>][Username : </b>admin<b>][Password : </b>0937afa17f4dc08f3c0e5dc908158370ce64df86<b>][Hak Akses : </b>Administrator<b>][Blokir : </b>Tidak<b>]</b>'),
(26, '2018-12-17 00:30:17', '1', 'Update', '<b>Update</b> data user pada tabel <b>sys_users</b>.<br><b>Data Lama = [ID User : </b>1<b>][Nama User : </b>herry<b>][Username : </b>admin<b>][Password : </b>0937afa17f4dc08f3c0e5dc908158370ce64df86<b>][Hak Akses : </b>Administrator<b>][Blokir : </b>Tidak<b>],<br> Data Baru = [ID User : </b>1<b>][Nama User : </b>herry<b>][Username : </b>admin<b>][Password : </b>0937afa17f4dc08f3c0e5dc908158370ce64df86<b>][Hak Akses : </b>Administrator<b>][Blokir : </b>Tidak<b>]</b>'),
(27, '2018-12-17 02:49:11', '1', 'Update', '<b>Update</b> data user pada tabel <b>sys_users</b>.<br><b>Data Lama = [ID User : </b>1<b>][Nama User : </b>herry<b>][Username : </b>admin<b>][Password : </b>0937afa17f4dc08f3c0e5dc908158370ce64df86<b>][Hak Akses : </b>Administrator<b>][Blokir : </b>Tidak<b>],<br> Data Baru = [ID User : </b>1<b>][Nama User : </b>herry<b>][Username : </b>admin<b>][Password : </b>0937afa17f4dc08f3c0e5dc908158370ce64df86<b>][Hak Akses : </b>Administrator<b>][Blokir : </b>Tidak<b>]</b>'),
(28, '2018-12-17 03:37:25', '1', 'Update', '<b>Update</b> data user pada tabel <b>sys_users</b>.<br><b>Data Lama = [ID User : </b>1<b>][Nama User : </b>herry<b>][Username : </b>admin<b>][Password : </b>0937afa17f4dc08f3c0e5dc908158370ce64df86<b>][Hak Akses : </b>Administrator<b>][Blokir : </b>Tidak<b>],<br> Data Baru = [ID User : </b>1<b>][Nama User : </b>herry<b>][Username : </b>admin<b>][Password : </b>0937afa17f4dc08f3c0e5dc908158370ce64df86<b>][Hak Akses : </b>Administrator<b>][Blokir : </b>Tidak<b>]</b>'),
(29, '2018-12-17 04:40:09', '1', 'Update', '<b>Update</b> data user pada tabel <b>sys_users</b>.<br><b>Data Lama = [ID User : </b>1<b>][Nama User : </b>herry<b>][Username : </b>admin<b>][Password : </b>0937afa17f4dc08f3c0e5dc908158370ce64df86<b>][Hak Akses : </b>Administrator<b>][Blokir : </b>Tidak<b>],<br> Data Baru = [ID User : </b>1<b>][Nama User : </b>herry<b>][Username : </b>admin<b>][Password : </b>0937afa17f4dc08f3c0e5dc908158370ce64df86<b>][Hak Akses : </b>Administrator<b>][Blokir : </b>Tidak<b>]</b>'),
(30, '2018-12-17 07:47:53', '1', 'Update', '<b>Update</b> data user pada tabel <b>sys_users</b>.<br><b>Data Lama = [ID User : </b>1<b>][Nama User : </b>herry<b>][Username : </b>admin<b>][Password : </b>0937afa17f4dc08f3c0e5dc908158370ce64df86<b>][Hak Akses : </b>Administrator<b>][Blokir : </b>Tidak<b>],<br> Data Baru = [ID User : </b>1<b>][Nama User : </b>herry<b>][Username : </b>admin<b>][Password : </b>0937afa17f4dc08f3c0e5dc908158370ce64df86<b>][Hak Akses : </b>Administrator<b>][Blokir : </b>Tidak<b>]</b>'),
(31, '2018-12-18 00:26:15', '1', 'Update', '<b>Update</b> data user pada tabel <b>sys_users</b>.<br><b>Data Lama = [ID User : </b>1<b>][Nama User : </b>herry<b>][Username : </b>admin<b>][Password : </b>0937afa17f4dc08f3c0e5dc908158370ce64df86<b>][Hak Akses : </b>Administrator<b>][Blokir : </b>Tidak<b>],<br> Data Baru = [ID User : </b>1<b>][Nama User : </b>herry<b>][Username : </b>admin<b>][Password : </b>0937afa17f4dc08f3c0e5dc908158370ce64df86<b>][Hak Akses : </b>Administrator<b>][Blokir : </b>Tidak<b>]</b>'),
(32, '2018-12-18 00:28:00', '1', 'Update', '<b>Update</b> data user pada tabel <b>sys_users</b>.<br><b>Data Lama = [ID User : </b>1<b>][Nama User : </b>herry<b>][Username : </b>admin<b>][Password : </b>0937afa17f4dc08f3c0e5dc908158370ce64df86<b>][Hak Akses : </b>Administrator<b>][Blokir : </b>Tidak<b>],<br> Data Baru = [ID User : </b>1<b>][Nama User : </b>herry<b>][Username : </b>admin<b>][Password : </b>0937afa17f4dc08f3c0e5dc908158370ce64df86<b>][Hak Akses : </b>Administrator<b>][Blokir : </b>Tidak<b>]</b>'),
(33, '2018-12-18 01:19:53', '1', 'Insert', '<b>Insert</b> data user baru pada tabel <b>sys_users</b>.<br><b>[ID User : </b>2<b>][Nama User : </b>MOH AGUS SUBEKTI<b>][Username : </b>060087272<b>][Password : </b>9323514d53e4e4bf45ffc09925142cba94aa543a<b>][Hak Akses : </b>Administrator<b>][Blokir : </b>Tidak<b>]</b>'),
(34, '2018-12-18 01:20:39', '1', 'Insert', '<b>Insert</b> data user baru pada tabel <b>sys_users</b>.<br><b>[ID User : </b>3<b>][Nama User : </b>AHMAD CAHYO KARTIKO<b>][Username : </b>060107285<b>][Password : </b>8153f71e19f1b0bbcc630402193c882626799d73<b>][Hak Akses : </b>Operator<b>][Blokir : </b>Tidak<b>]</b>'),
(35, '2018-12-18 01:21:06', '1', 'Insert', '<b>Insert</b> data user baru pada tabel <b>sys_users</b>.<br><b>[ID User : </b>4<b>][Nama User : </b>HERRY SUSANTO<b>][Username : </b>060093785<b>][Password : </b>740b1b5983518937e5e426990683fb4edea2c65a<b>][Hak Akses : </b>Operator<b>][Blokir : </b>Tidak<b>]</b>'),
(36, '2018-12-18 03:44:09', '1', 'Delete', '<b>Delete</b> data surat masuk pada tabel <b>surat masuk</b>. <br> <b>[ID Surat Masuk : </b><b>][Asal Surat : </b><b>][Nomor Surat : </b><b>][Tanggal Surat : </b><b>]'),
(37, '2018-12-18 03:46:03', '1', 'Delete', '<b>Delete</b> data surat masuk pada tabel <b>surat masuk</b>. <br> <b>[ID Surat Masuk : </b><b>][Asal Surat : </b><b>][Nomor Surat : </b><b>][Tanggal Surat : </b><b>]'),
(38, '2018-12-18 03:50:29', '1', 'Delete', '<b>Delete</b> data surat masuk pada tabel <b>surat masuk</b>. <br> <b>[ID Surat Masuk : </b><b>][Asal Surat : </b><b>][Nomor Surat : </b><b>][Tanggal Surat : </b><b>]'),
(39, '2018-12-18 04:14:08', '4', 'Update', '<b>Update</b> data user pada tabel <b>sys_users</b>.<br><b>Data Lama = [ID User : </b>4<b>][Nama User : </b>HERRY SUSANTO<b>][Username : </b>060093785<b>][Password : </b>740b1b5983518937e5e426990683fb4edea2c65a<b>][Hak Akses : </b>Operator<b>][Blokir : </b>Tidak<b>],<br> Data Baru = [ID User : </b>4<b>][Nama User : </b>HERRY SUSANTO<b>][Username : </b>060093785<b>][Password : </b>740b1b5983518937e5e426990683fb4edea2c65a<b>][Hak Akses : </b>Operator<b>][Blokir : </b>Tidak<b>]</b>'),
(40, '2018-12-18 04:14:27', '1', 'Update', '<b>Update</b> data user pada tabel <b>sys_users</b>.<br><b>Data Lama = [ID User : </b>1<b>][Nama User : </b>herry<b>][Username : </b>admin<b>][Password : </b>0937afa17f4dc08f3c0e5dc908158370ce64df86<b>][Hak Akses : </b>Administrator<b>][Blokir : </b>Tidak<b>],<br> Data Baru = [ID User : </b>1<b>][Nama User : </b>herry<b>][Username : </b>admin<b>][Password : </b>0937afa17f4dc08f3c0e5dc908158370ce64df86<b>][Hak Akses : </b>Administrator<b>][Blokir : </b>Tidak<b>]</b>'),
(41, '2018-12-20 01:53:57', '1', 'Update', '<b>Update</b> data user pada tabel <b>sys_users</b>.<br><b>Data Lama = [ID User : </b>1<b>][Nama User : </b>herry<b>][Username : </b>admin<b>][Password : </b>0937afa17f4dc08f3c0e5dc908158370ce64df86<b>][Hak Akses : </b>Administrator<b>][Blokir : </b>Tidak<b>],<br> Data Baru = [ID User : </b>1<b>][Nama User : </b>herry<b>][Username : </b>admin<b>][Password : </b>0937afa17f4dc08f3c0e5dc908158370ce64df86<b>][Hak Akses : </b>Administrator<b>][Blokir : </b>Tidak<b>]</b>'),
(42, '2018-12-20 02:00:39', '1', 'Delete', '<b>Delete</b> data surat masuk pada tabel <b>surat masuk</b>. <br> <b>[ID Surat Masuk : </b><b>][Asal Surat : </b><b>][Nomor Surat : </b><b>][Tanggal Surat : </b><b>]'),
(43, '2018-12-20 09:36:59', '1', 'Update', '<b>Update</b> data surat masuk pada tabel <b>surat masuk</b>.<br><b>Data Lama = [ID Surat Masuk : </b>2<b>][Nomor Agenda : </b>2<b>][Tanggal Diterima : </b>2018-12-13<b>][ID Instansi : </b>2<b>][Nomor Surat : </b>3211<b>][Tanggal Surat : </b>2018-12-12<b>][Sifat Surat : </b>Rahasia<b>][Perihal : </b>tes tes<b>][Keterangan : </b>tes tess<b>][Arsip : </b><b>],<br> Data Baru = [ID Surat Masuk : </b>2<b>][Nomor Agenda : </b>2<b>][Tanggal Diterima : </b>2018-12-13<b>][ID Instansi : </b>2<b>][Nomor Surat : </b>321<b>][Tanggal Surat : </b>2018-12-12<b>][Sifat Surat : </b>Penting<b>][Perihal : </b>tes tes<b>][Keterangan : </b>tes tess<b>][Arsip : </b><b>]</b>'),
(44, '2018-12-26 03:51:57', '1', 'Insert', '<b>Insert</b> data surat keluar pada tabel <b>surat keluar</b>.<br><b>[ID Surat Keluar : </b>1<b>][Nomor Agenda : </b>1<b>][Tanggal Register : </b>2018-12-12<b>][ID Instansi : </b>1<b>][Nomor Surat : </b>002/PANAGIHAN/2018<b>][Tanggal Surat : </b>2018-12-26<b>][Perihal : </b>Permintaan perbaikan SIAS modul Upload File<b>][Keterangan : </b>agar segera dikerjakan gapake lama<b>][Arsip : </b>1_DAFTAR HARTA.PDF<b>]</b>'),
(45, '2018-12-26 03:53:20', '1', 'Update', '<b>Update</b> data surat masuk pada tabel <b>surat masuk</b>.<br><b>Data Lama = [ID Surat Masuk : </b>2<b>][Nomor Agenda : </b>2<b>][Tanggal Diterima : </b>2018-12-13<b>][ID Instansi : </b>2<b>][Nomor Surat : </b>321<b>][Tanggal Surat : </b>2018-12-12<b>][Sifat Surat : </b>Penting<b>][Perihal : </b>tes tes<b>][Keterangan : </b>tes tess<b>][Arsip : </b><b>],<br> Data Baru = [ID Surat Masuk : </b>2<b>][Nomor Agenda : </b>2<b>][Tanggal Diterima : </b>2018-12-13<b>][ID Instansi : </b>2<b>][Nomor Surat : </b>321<b>][Tanggal Surat : </b>2018-12-12<b>][Sifat Surat : </b>Penting<b>][Perihal : </b>tes tes<b>][Keterangan : </b>tes tess<b>][Arsip : </b>2_permohonan angsuran surya gemilang.PDF<b>]</b>'),
(46, '2018-12-26 03:54:34', '1', 'Update', '<b>Update</b> data surat masuk pada tabel <b>surat masuk</b>.<br><b>Data Lama = [ID Surat Masuk : </b>1<b>][Nomor Agenda : </b>1<b>][Tanggal Diterima : </b>2018-12-13<b>][ID Instansi : </b>1<b>][Nomor Surat : </b>321<b>][Tanggal Surat : </b>2018-12-13<b>][Sifat Surat : </b>Penting<b>][Perihal : </b>dsfd<b>][Keterangan : </b>dsfdsf<b>][Arsip : </b><b>],<br> Data Baru = [ID Surat Masuk : </b>1<b>][Nomor Agenda : </b>1<b>][Tanggal Diterima : </b>2018-12-13<b>][ID Instansi : </b>1<b>][Nomor Surat : </b>321<b>][Tanggal Surat : </b>2018-12-13<b>][Sifat Surat : </b>Biasa<b>][Perihal : </b>dsfd<b>][Keterangan : </b>dsfdsf<b>][Arsip : </b>1_herry_susanto_SK JSPN__1.PDF<b>]</b>'),
(47, '2018-12-26 08:35:34', '4', 'Update', '<b>Update</b> data user pada tabel <b>sys_users</b>.<br><b>Data Lama = [ID User : </b>4<b>][Nama User : </b>HERRY SUSANTO<b>][Username : </b>060093785<b>][Password : </b>740b1b5983518937e5e426990683fb4edea2c65a<b>][Hak Akses : </b>Operator<b>][Blokir : </b>Tidak<b>],<br> Data Baru = [ID User : </b>4<b>][Nama User : </b>HERRY SUSANTO<b>][Username : </b>060093785<b>][Password : </b>740b1b5983518937e5e426990683fb4edea2c65a<b>][Hak Akses : </b>Operator<b>][Blokir : </b>Tidak<b>]</b>'),
(48, '2018-12-26 08:35:52', '1', 'Update', '<b>Update</b> data user pada tabel <b>sys_users</b>.<br><b>Data Lama = [ID User : </b>1<b>][Nama User : </b>herry<b>][Username : </b>admin<b>][Password : </b>0937afa17f4dc08f3c0e5dc908158370ce64df86<b>][Hak Akses : </b>Administrator<b>][Blokir : </b>Tidak<b>],<br> Data Baru = [ID User : </b>1<b>][Nama User : </b>herry<b>][Username : </b>admin<b>][Password : </b>0937afa17f4dc08f3c0e5dc908158370ce64df86<b>][Hak Akses : </b>Administrator<b>][Blokir : </b>Tidak<b>]</b>'),
(49, '2018-12-27 04:33:03', '1', 'Update', '<b>Update</b> data user pada tabel <b>sys_users</b>.<br><b>Data Lama = [ID User : </b>1<b>][Nama User : </b>herry<b>][Username : </b>admin<b>][Password : </b>0937afa17f4dc08f3c0e5dc908158370ce64df86<b>][Hak Akses : </b>Administrator<b>][Blokir : </b>Tidak<b>],<br> Data Baru = [ID User : </b>1<b>][Nama User : </b>herry<b>][Username : </b>admin<b>][Password : </b>0937afa17f4dc08f3c0e5dc908158370ce64df86<b>][Hak Akses : </b>Administrator<b>][Blokir : </b>Tidak<b>]</b>'),
(50, '2018-12-27 04:34:24', '1', 'Update', '<b>Update</b> data user pada tabel <b>sys_users</b>.<br><b>Data Lama = [ID User : </b>1<b>][Nama User : </b>herry<b>][Username : </b>admin<b>][Password : </b>0937afa17f4dc08f3c0e5dc908158370ce64df86<b>][Hak Akses : </b>Administrator<b>][Blokir : </b>Tidak<b>],<br> Data Baru = [ID User : </b>1<b>][Nama User : </b>herry<b>][Username : </b>admin<b>][Password : </b>0937afa17f4dc08f3c0e5dc908158370ce64df86<b>][Hak Akses : </b>Administrator<b>][Blokir : </b>Tidak<b>]</b>'),
(51, '2018-12-27 08:42:09', '1', 'Update', '<b>Update</b> data user pada tabel <b>sys_users</b>.<br><b>Data Lama = [ID User : </b>1<b>][Nama User : </b>herry<b>][Username : </b>admin<b>][Password : </b>0937afa17f4dc08f3c0e5dc908158370ce64df86<b>][Hak Akses : </b>Administrator<b>][Blokir : </b>Tidak<b>],<br> Data Baru = [ID User : </b>1<b>][Nama User : </b>herry<b>][Username : </b>admin<b>][Password : </b>0937afa17f4dc08f3c0e5dc908158370ce64df86<b>][Hak Akses : </b>Administrator<b>][Blokir : </b>Tidak<b>]</b>'),
(52, '2018-12-31 00:31:05', '1', 'Update', '<b>Update</b> data user pada tabel <b>sys_users</b>.<br><b>Data Lama = [ID User : </b>1<b>][Nama User : </b>herry<b>][Username : </b>admin<b>][Password : </b>0937afa17f4dc08f3c0e5dc908158370ce64df86<b>][Hak Akses : </b>Administrator<b>][Blokir : </b>Tidak<b>],<br> Data Baru = [ID User : </b>1<b>][Nama User : </b>herry<b>][Username : </b>admin<b>][Password : </b>0937afa17f4dc08f3c0e5dc908158370ce64df86<b>][Hak Akses : </b>Administrator<b>][Blokir : </b>Tidak<b>]</b>'),
(53, '2018-12-31 00:32:24', '1', 'Insert', '<b>Insert</b> data instansi pada tabel <b>instansi</b>.<br><b>[ID Instansi : </b>3<b>][Nama Instansi : </b>Kanwil DJP Jawa Timur III<b>][Alamat : </b>Jl. Letjen S. Parman 100, Malang<b>]</b>'),
(54, '2018-12-31 00:32:44', '1', 'Insert', '<b>Insert</b> data instansi pada tabel <b>instansi</b>.<br><b>[ID Instansi : </b>4<b>][Nama Instansi : </b>Kantor Pusat DJP<b>][Alamat : </b>Jl. Gatot Subroto 40- 42, Jakarta<b>]</b>'),
(55, '2018-12-31 00:33:08', '1', 'Update', '<b>Update</b> data instansi pada tabel <b>instansi</b>.<br><b>Data Lama = [ID Instansi : </b>4<b>][Nama Instansi : </b>Kantor Pusat DJP<b>][Alamat : </b>Jl. Gatot Subroto 40- 42, Jakarta<b>],<br> Data Baru = [ID Instansi : </b>4<b>][Nama Instansi : </b>Kantor Pusat Direktorat Jenderal Pajak<b>][Alamat : </b>Jl. Gatot Subroto 40- 42, Jakarta<b>]</b>'),
(56, '2018-12-31 00:33:59', '1', 'Update', '<b>Update</b> data user pada tabel <b>sys_users</b>.<br><b>Data Lama = [ID User : </b>1<b>][Nama User : </b>herry<b>][Username : </b>admin<b>][Password : </b>0937afa17f4dc08f3c0e5dc908158370ce64df86<b>][Hak Akses : </b>Administrator<b>][Blokir : </b>Tidak<b>],<br> Data Baru = [ID User : </b>1<b>][Nama User : </b>herry<b>][Username : </b>admin<b>][Password : </b>0937afa17f4dc08f3c0e5dc908158370ce64df86<b>][Hak Akses : </b>Administrator<b>][Blokir : </b>Tidak<b>]</b>'),
(57, '2018-12-31 02:40:03', '1', 'Update', '<b>Update</b> data user pada tabel <b>sys_users</b>.<br><b>Data Lama = [ID User : </b>1<b>][Nama User : </b>herry<b>][Username : </b>admin<b>][Password : </b>0937afa17f4dc08f3c0e5dc908158370ce64df86<b>][Hak Akses : </b>Administrator<b>][Blokir : </b>Tidak<b>],<br> Data Baru = [ID User : </b>1<b>][Nama User : </b>herry<b>][Username : </b>admin<b>][Password : </b>0937afa17f4dc08f3c0e5dc908158370ce64df86<b>][Hak Akses : </b>Administrator<b>][Blokir : </b>Tidak<b>]</b>'),
(58, '2018-12-31 02:42:12', '1', 'Update', '<b>Update</b> data user pada tabel <b>sys_users</b>.<br><b>Data Lama = [ID User : </b>1<b>][Nama User : </b>herry<b>][Username : </b>admin<b>][Password : </b>0937afa17f4dc08f3c0e5dc908158370ce64df86<b>][Hak Akses : </b>Administrator<b>][Blokir : </b>Tidak<b>],<br> Data Baru = [ID User : </b>1<b>][Nama User : </b>herry<b>][Username : </b>admin<b>][Password : </b>0937afa17f4dc08f3c0e5dc908158370ce64df86<b>][Hak Akses : </b>Administrator<b>][Blokir : </b>Tidak<b>]</b>'),
(59, '2019-01-02 03:37:15', '1', 'Update', '<b>Update</b> data user pada tabel <b>sys_users</b>.<br><b>Data Lama = [ID User : </b>1<b>][Nama User : </b>herry<b>][Username : </b>admin<b>][Password : </b>0937afa17f4dc08f3c0e5dc908158370ce64df86<b>][Hak Akses : </b>Administrator<b>][Blokir : </b>Tidak<b>],<br> Data Baru = [ID User : </b>1<b>][Nama User : </b>herry<b>][Username : </b>admin<b>][Password : </b>0937afa17f4dc08f3c0e5dc908158370ce64df86<b>][Hak Akses : </b>Administrator<b>][Blokir : </b>Tidak<b>]</b>'),
(60, '2019-01-02 09:34:52', '1', 'Update', '<b>Update</b> data user pada tabel <b>sys_users</b>.<br><b>Data Lama = [ID User : </b>1<b>][Nama User : </b>herry<b>][Username : </b>admin<b>][Password : </b>0937afa17f4dc08f3c0e5dc908158370ce64df86<b>][Hak Akses : </b>Administrator<b>][Blokir : </b>Tidak<b>],<br> Data Baru = [ID User : </b>1<b>][Nama User : </b>herry<b>][Username : </b>admin<b>][Password : </b>0937afa17f4dc08f3c0e5dc908158370ce64df86<b>][Hak Akses : </b>Administrator<b>][Blokir : </b>Tidak<b>]</b>'),
(61, '2019-01-09 04:31:25', '1', 'Update', '<b>Update</b> data user pada tabel <b>sys_users</b>.<br><b>Data Lama = [ID User : </b>1<b>][Nama User : </b>herry<b>][Username : </b>admin<b>][Password : </b>0937afa17f4dc08f3c0e5dc908158370ce64df86<b>][Hak Akses : </b>Administrator<b>][Blokir : </b>Tidak<b>],<br> Data Baru = [ID User : </b>1<b>][Nama User : </b>herry<b>][Username : </b>admin<b>][Password : </b>0937afa17f4dc08f3c0e5dc908158370ce64df86<b>][Hak Akses : </b>Administrator<b>][Blokir : </b>Tidak<b>]</b>'),
(62, '2019-01-09 04:33:12', '1', 'Insert', '<b>Insert</b> data instansi pada tabel <b>instansi</b>.<br><b>[ID Instansi : </b>5<b>][Nama Instansi : </b>INTERN KPP PRATAMA MALANG UTARA<b>][Alamat : </b>Jl. JA Suprapto 29, Malang<b>]</b>'),
(63, '2019-01-09 04:35:08', '1', 'Insert', '<b>Insert</b> data surat masuk pada tabel <b>surat masuk</b>.<br><b>[ID Surat Masuk : </b>3<b>][Nomor Agenda : </b>1<b>][Tanggal Diterima : </b>2019-01-09<b>][ID Instansi : </b>5<b>][Nomor Surat : </b>KEP-558/WPJ.12/KP.01/2018<b>][Tanggal Surat : </b>2018-12-31<b>][Sifat Surat : </b>Biasa<b>][Perihal : </b>distribusi rencana penerimaan pajak dari kegiatan <b>][Keterangan : </b>kep kepala kantor<b>][Arsip : </b>3_KEP558.PDF<b>]</b>'),
(64, '2019-01-09 04:35:44', '1', 'Delete', '<b>Delete</b> data surat masuk pada tabel <b>surat masuk</b>. <br> <b>[ID Surat Masuk : </b>2<b>][Asal Surat : </b>SEKSI PEMERIKSAAN<b>][Nomor Surat : </b>321<b>][Tanggal Surat : </b>2018-12-12<b>]'),
(65, '2019-01-09 04:35:50', '1', 'Delete', '<b>Delete</b> data surat masuk pada tabel <b>surat masuk</b>. <br> <b>[ID Surat Masuk : </b>1<b>][Asal Surat : </b>SEKSI PENAGIHAN<b>][Nomor Surat : </b>321<b>][Tanggal Surat : </b>2018-12-13<b>]'),
(66, '2019-01-11 01:34:24', '1', 'Update', '<b>Update</b> data user pada tabel <b>sys_users</b>.<br><b>Data Lama = [ID User : </b>1<b>][Nama User : </b>herry<b>][Username : </b>admin<b>][Password : </b>0937afa17f4dc08f3c0e5dc908158370ce64df86<b>][Hak Akses : </b>Administrator<b>][Blokir : </b>Tidak<b>],<br> Data Baru = [ID User : </b>1<b>][Nama User : </b>herry<b>][Username : </b>admin<b>][Password : </b>0937afa17f4dc08f3c0e5dc908158370ce64df86<b>][Hak Akses : </b>Administrator<b>][Blokir : </b>Tidak<b>]</b>'),
(67, '2019-01-11 01:36:22', '1', 'Insert', '<b>Insert</b> data surat keluar pada tabel <b>surat keluar</b>.<br><b>[ID Surat Keluar : </b>2<b>][Nomor Agenda : </b>1<b>][Tanggal Register : </b>2019-01-11<b>][ID Instansi : </b>3<b>][Nomor Surat : </b>BERITA ACARA 12 13 14<b>][Tanggal Surat : </b>2019-01-10<b>][Perihal : </b>BERITA ACARA KOHIR TIDAK DITERBITKAN<b>][Keterangan : </b>BA kohir tidak terbit\r\nBA hasil penelitian data ketetapan tidak urut \r\nba mpn skp salah<b>][Arsip : </b>2_berita acara 12 13 14 malang utara_1.PDF<b>]</b>'),
(68, '2019-01-11 01:37:30', '1', 'Delete', '<b>Delete</b> data instansi pada tabel <b>instansi</b>. <br> <b>[ID Instansi : </b>2<b>][Nama Instansi : </b>SEKSI PEMERIKSAAN<b>]'),
(69, '2019-01-17 03:54:42', '1', 'Update', '<b>Update</b> data user pada tabel <b>sys_users</b>.<br><b>Data Lama = [ID User : </b>1<b>][Nama User : </b>herry<b>][Username : </b>admin<b>][Password : </b>0937afa17f4dc08f3c0e5dc908158370ce64df86<b>][Hak Akses : </b>Administrator<b>][Blokir : </b>Tidak<b>],<br> Data Baru = [ID User : </b>1<b>][Nama User : </b>herry<b>][Username : </b>admin<b>][Password : </b>0937afa17f4dc08f3c0e5dc908158370ce64df86<b>][Hak Akses : </b>Administrator<b>][Blokir : </b>Tidak<b>]</b>'),
(70, '2019-01-17 03:56:20', '1', 'Insert', '<b>Insert</b> data surat masuk pada tabel <b>surat masuk</b>.<br><b>[ID Surat Masuk : </b>4<b>][Nomor Agenda : </b>2<b>][Tanggal Diterima : </b>2019-01-08<b>][ID Instansi : </b>1<b>][Nomor Surat : </b>ND-00314/WPJ.11/KP.07/2018<b>][Tanggal Surat : </b>2018-12-18<b>][Sifat Surat : </b>Biasa<b>][Perihal : </b>PERMOHONAN KONVERSI KETETAPAN PAJAK GANINA WIDYA R<b>][Keterangan : </b>97.594.500.7-609.000<b>][Arsip : </b>4_ganina.pdf.PDF<b>]</b>'),
(71, '2019-01-17 03:57:16', '1', 'Update', '<b>Update</b> data instansi pada tabel <b>instansi</b>.<br><b>Data Lama = [ID Instansi : </b>1<b>][Nama Instansi : </b>SEKSI PENAGIHAN<b>][Alamat : </b>LANTAI 3<b>],<br> Data Baru = [ID Instansi : </b>1<b>][Nama Instansi : </b>PIHAK EKSTERN<b>][Alamat : </b>Dari luar KPP Malang Utara<b>]</b>'),
(72, '2019-01-17 03:57:42', '1', 'Update', '<b>Update</b> data surat masuk pada tabel <b>surat masuk</b>.<br><b>Data Lama = [ID Surat Masuk : </b>4<b>][Nomor Agenda : </b>2<b>][Tanggal Diterima : </b>2019-01-08<b>][ID Instansi : </b>1<b>][Nomor Surat : </b>ND-00314/WPJ.11/KP.07/2018<b>][Tanggal Surat : </b>2018-12-18<b>][Sifat Surat : </b>Biasa<b>][Perihal : </b>PERMOHONAN KONVERSI KETETAPAN PAJAK GANINA WIDYA R<b>][Keterangan : </b>97.594.500.7-609.000<b>][Arsip : </b>4_ganina.pdf.PDF<b>],<br> Data Baru = [ID Surat Masuk : </b>4<b>][Nomor Agenda : </b>2<b>][Tanggal Diterima : </b>2019-01-08<b>][ID Instansi : </b>1<b>][Nomor Surat : </b>ND-00314/WPJ.11/KP.07/2018<b>][Tanggal Surat : </b>2018-12-18<b>][Sifat Surat : </b>Biasa<b>][Perihal : </b>PERMOHONAN KONVERSI KETETAPAN PAJAK GANINA WIDYA R<b>][Keterangan : </b>97.594.500.7-609.000\r\ndari KPP Surabaya Wonocolo<b>][Arsip : </b>4_ganina.pdf.PDF<b>]</b>'),
(73, '2019-01-17 07:37:02', '1', 'Update', '<b>Update</b> data user pada tabel <b>sys_users</b>.<br><b>Data Lama = [ID User : </b>1<b>][Nama User : </b>herry<b>][Username : </b>admin<b>][Password : </b>0937afa17f4dc08f3c0e5dc908158370ce64df86<b>][Hak Akses : </b>Administrator<b>][Blokir : </b>Tidak<b>],<br> Data Baru = [ID User : </b>1<b>][Nama User : </b>herry<b>][Username : </b>admin<b>][Password : </b>0937afa17f4dc08f3c0e5dc908158370ce64df86<b>][Hak Akses : </b>Administrator<b>][Blokir : </b>Tidak<b>]</b>'),
(74, '2019-01-17 08:02:12', '1', 'Update', '<b>Update</b> data surat masuk pada tabel <b>surat masuk</b>.<br><b>Data Lama = [ID Surat Masuk : </b>3<b>][Nomor Agenda : </b>1<b>][Tanggal Diterima : </b>2019-01-09<b>][ID Instansi : </b>5<b>][Nomor Surat : </b>KEP-558/WPJ.12/KP.01/2018<b>][Tanggal Surat : </b>2018-12-31<b>][Sifat Surat : </b>Biasa<b>][Perihal : </b>distribusi rencana penerimaan pajak dari kegiatan <b>][Keterangan : </b>kep kepala kantor<b>][Arsip : </b>3_KEP558.PDF<b>],<br> Data Baru = [ID Surat Masuk : </b>3<b>][Nomor Agenda : </b>1<b>][Tanggal Diterima : </b>2019-01-09<b>][ID Instansi : </b>5<b>][Nomor Surat : </b>KEP-558/WPJ.12/KP.01/2018<b>][Tanggal Surat : </b>2018-12-31<b>][Sifat Surat : </b>Biasa<b>][Perihal : </b>distribusi rencana penerimaan pajak dari kegiatans<b>][Keterangan : </b>kep kepala kantor<b>][Arsip : </b>3_KEP558.PDF<b>]</b>'),
(75, '2019-01-17 08:02:50', '1', 'Update', '<b>Update</b> data surat keluar pada tabel <b>surat keluar</b>.<br><b>Data Lama = [ID Surat Keluar : </b>2<b>][Nomor Agenda : </b>1<b>][Tanggal Register : </b>2019-01-11<b>][ID Instansi : </b>3<b>][Nomor Surat : </b>BERITA ACARA 12 13 14<b>][Tanggal Surat : </b>2019-01-10<b>][Perihal : </b>BERITA ACARA KOHIR TIDAK DITERBITKAN<b>][Keterangan : </b>BA kohir tidak terbit\r\nBA hasil penelitian data ketetapan tidak urut \r\nba mpn skp salah<b>][Arsip : </b>2_berita acara 12 13 14 malang utara_1.PDF<b>],<br> Data Baru = [ID Surat Keluar : </b>2<b>][Nomor Agenda : </b>1<b>][Tanggal Register : </b>2019-01-11<b>][ID Instansi : </b>3<b>][Nomor Surat : </b>BERITA ACARA 12 13 14<b>][Tanggal Surat : </b>2019-01-10<b>][Perihal : </b>BERITA ACARA KOHIR TIDAK DITERBITKAN<b>][Keterangan : </b>BA kohir tidak terbit\r\nBA hasil penelitian data ketetapan tidak urut \r\nba mpn skp salahs<b>][Arsip : </b>2_berita acara 12 13 14 malang utara_1.PDF<b>]</b>'),
(76, '2019-01-18 03:25:09', '1', 'Update', '<b>Update</b> data user pada tabel <b>sys_users</b>.<br><b>Data Lama = [ID User : </b>1<b>][Nama User : </b>herry<b>][Username : </b>admin<b>][Password : </b>0937afa17f4dc08f3c0e5dc908158370ce64df86<b>][Hak Akses : </b>Administrator<b>][Blokir : </b>Tidak<b>],<br> Data Baru = [ID User : </b>1<b>][Nama User : </b>herry<b>][Username : </b>admin<b>][Password : </b>0937afa17f4dc08f3c0e5dc908158370ce64df86<b>][Hak Akses : </b>Administrator<b>][Blokir : </b>Tidak<b>]</b>'),
(77, '2019-01-18 03:25:42', '1', 'Update', '<b>Update</b> data user pada tabel <b>sys_users</b>.<br><b>Data Lama = [ID User : </b>1<b>][Nama User : </b>herry<b>][Username : </b>admin<b>][Password : </b>0937afa17f4dc08f3c0e5dc908158370ce64df86<b>][Hak Akses : </b>Administrator<b>][Blokir : </b>Tidak<b>],<br> Data Baru = [ID User : </b>1<b>][Nama User : </b>Herry<b>][Username : </b>admin<b>][Password : </b>0937afa17f4dc08f3c0e5dc908158370ce64df86<b>][Hak Akses : </b>Administrator<b>][Blokir : </b>Tidak<b>]</b>'),
(78, '2019-01-18 06:52:51', '1', 'Update', '<b>Update</b> data user pada tabel <b>sys_users</b>.<br><b>Data Lama = [ID User : </b>1<b>][Nama User : </b>Herry<b>][Username : </b>admin<b>][Password : </b>0937afa17f4dc08f3c0e5dc908158370ce64df86<b>][Hak Akses : </b>Administrator<b>][Blokir : </b>Tidak<b>],<br> Data Baru = [ID User : </b>1<b>][Nama User : </b>Herry<b>][Username : </b>admin<b>][Password : </b>0937afa17f4dc08f3c0e5dc908158370ce64df86<b>][Hak Akses : </b>Administrator<b>][Blokir : </b>Tidak<b>]</b>'),
(79, '2019-03-12 10:51:06', '1', 'Update', '<b>Update</b> data user pada tabel <b>sys_users</b>.<br><b>Data Lama = [ID User : </b>1<b>][Nama User : </b>Herry<b>][Username : </b>admin<b>][Password : </b>0937afa17f4dc08f3c0e5dc908158370ce64df86<b>][Hak Akses : </b>Administrator<b>][Blokir : </b>Tidak<b>],<br> Data Baru = [ID User : </b>1<b>][Nama User : </b>Herry<b>][Username : </b>admin<b>][Password : </b>0937afa17f4dc08f3c0e5dc908158370ce64df86<b>][Hak Akses : </b>Administrator<b>][Blokir : </b>Tidak<b>]</b>'),
(80, '2019-03-12 11:02:38', '1', 'Update', '<b>Update</b> data user pada tabel <b>sys_users</b>.<br><b>Data Lama = [ID User : </b>1<b>][Nama User : </b>Herry<b>][Username : </b>admin<b>][Password : </b>0937afa17f4dc08f3c0e5dc908158370ce64df86<b>][Hak Akses : </b>Administrator<b>][Blokir : </b>Tidak<b>],<br> Data Baru = [ID User : </b>1<b>][Nama User : </b>Herry<b>][Username : </b>admin<b>][Password : </b>0937afa17f4dc08f3c0e5dc908158370ce64df86<b>][Hak Akses : </b>Administrator<b>][Blokir : </b>Tidak<b>]</b>'),
(81, '2019-03-12 17:37:30', '1', 'Insert', '<b>Insert</b> data user baru pada tabel <b>sys_users</b>.<br><b>[ID User : </b>5<b>][Nama User : </b>Tester<b>][Username : </b>tester<b>][Password : </b>adcd7048512e64b48da55b027577886ee5a36350<b>][Hak Akses : </b>Operator<b>][Blokir : </b>Tidak<b>]</b>'),
(82, '2019-03-12 17:37:48', '5', 'Update', '<b>Update</b> data user pada tabel <b>sys_users</b>.<br><b>Data Lama = [ID User : </b>5<b>][Nama User : </b>Tester<b>][Username : </b>tester<b>][Password : </b>adcd7048512e64b48da55b027577886ee5a36350<b>][Hak Akses : </b>Operator<b>][Blokir : </b>Tidak<b>],<br> Data Baru = [ID User : </b>5<b>][Nama User : </b>Tester<b>][Username : </b>tester<b>][Password : </b>adcd7048512e64b48da55b027577886ee5a36350<b>][Hak Akses : </b>Operator<b>][Blokir : </b>Tidak<b>]</b>'),
(83, '2019-03-12 17:39:20', '1', 'Update', '<b>Update</b> data user pada tabel <b>sys_users</b>.<br><b>Data Lama = [ID User : </b>1<b>][Nama User : </b>Herry<b>][Username : </b>admin<b>][Password : </b>0937afa17f4dc08f3c0e5dc908158370ce64df86<b>][Hak Akses : </b>Administrator<b>][Blokir : </b>Tidak<b>],<br> Data Baru = [ID User : </b>1<b>][Nama User : </b>Herry<b>][Username : </b>admin<b>][Password : </b>0937afa17f4dc08f3c0e5dc908158370ce64df86<b>][Hak Akses : </b>Administrator<b>][Blokir : </b>Tidak<b>]</b>'),
(84, '2019-03-12 21:17:25', '1', 'Update', '<b>Update</b> data user pada tabel <b>sys_users</b>.<br><b>Data Lama = [ID User : </b>1<b>][Nama User : </b>Herry<b>][Username : </b>admin<b>][Password : </b>0937afa17f4dc08f3c0e5dc908158370ce64df86<b>][Hak Akses : </b>Administrator<b>][Blokir : </b>Tidak<b>],<br> Data Baru = [ID User : </b>1<b>][Nama User : </b>Herry<b>][Username : </b>admin<b>][Password : </b>0937afa17f4dc08f3c0e5dc908158370ce64df86<b>][Hak Akses : </b>Administrator<b>][Blokir : </b>Tidak<b>]</b>'),
(85, '2019-03-12 21:41:44', '1', 'Delete', '<b>Delete</b> data pada tabel <b>buku tamu</b>. <br> <b>[ID: </b>15<b>][Nama : </b>Asas<b>]'),
(86, '2019-03-13 21:13:31', '1', 'Delete', '<b>Delete</b> data pada tabel <b>profile</b>. <br> <b>[ID: </b>2<b>][Nama : </b>PT. Ababil<b>]'),
(87, '2019-03-13 21:30:24', '1', 'Delete', '<b>Delete</b> data pada tabel <b>profile</b>. <br> <b>[ID: </b>4<b>][Nama : </b>PT. BB<b>]'),
(88, '2019-03-13 21:32:59', '1', 'Insert', '<b>Insert</b> data surat masuk pada tabel <b>surat masuk</b>.<br><b>[ID Surat Masuk : </b>5<b>][Nomor Agenda : </b>3<b>][Tanggal Diterima : </b>2019-03-14<b>][ID Instansi : </b>4<b>][Nomor Surat : </b>012<b>][Tanggal Surat : </b>2019-03-14<b>][Sifat Surat : </b>Biasa<b>][Perihal : </b>Tes<b>][Keterangan : </b>Tidak<b>][Arsip : </b>5_Laporan_Surat_Masuk_Tanggal_08-01-2019_sd_09-01-2019.pdf<b>]</b>'),
(89, '2019-03-13 22:11:25', '1', 'Delete', '<b>Delete</b> data pada tabel <b>profile</b>. <br> <b>[ID Surat Masuk : </b>5<b>][Nama : </b>PT. Djaeum]'),
(90, '2019-03-13 22:11:59', '1', 'Delete', '<b>Delete</b> data pada tabel <b>profile</b>. <br> <b>[ID Surat Masuk : </b>6<b>][Nama : </b>jsa]'),
(91, '2019-03-13 22:12:10', '1', 'Delete', '<b>Delete</b> data pada tabel <b>profile</b>. <br> <b>[ID Surat Masuk : </b>7<b>][Nama : </b>hshj]'),
(92, '2019-03-14 05:52:42', '1', 'Update', '<b>Update</b> data user pada tabel <b>sys_users</b>.<br><b>Data Lama = [ID User : </b>1<b>][Nama User : </b>Herry<b>][Username : </b>admin<b>][Password : </b>0937afa17f4dc08f3c0e5dc908158370ce64df86<b>][Hak Akses : </b>Administrator<b>][Blokir : </b>Tidak<b>],<br> Data Baru = [ID User : </b>1<b>][Nama User : </b>Herry<b>][Username : </b>admin<b>][Password : </b>0937afa17f4dc08f3c0e5dc908158370ce64df86<b>][Hak Akses : </b>Administrator<b>][Blokir : </b>Tidak<b>]</b>'),
(93, '2019-03-14 06:13:36', '1', 'Delete', '<b>Delete</b> data pada tabel <b>Profile</b>. <br> <b>[ID : </b>12<b>][Nama : </b>PT. Nusantara]');

-- --------------------------------------------------------

--
-- Struktur dari tabel `sys_config`
--

CREATE TABLE `sys_config` (
  `configID` tinyint(1) NOT NULL,
  `nama_instansi` varchar(100) NOT NULL,
  `alamat` varchar(255) NOT NULL,
  `telepon` varchar(13) NOT NULL,
  `fax` varchar(13) NOT NULL,
  `email` varchar(50) NOT NULL,
  `website` varchar(50) NOT NULL,
  `logo` varchar(50) NOT NULL,
  `updated_user` int(11) DEFAULT NULL,
  `updated_date` datetime DEFAULT NULL
) ENGINE=InnoDB DEFAULT CHARSET=latin1;

--
-- Dumping data untuk tabel `sys_config`
--

INSERT INTO `sys_config` (`configID`, `nama_instansi`, `alamat`, `telepon`, `fax`, `email`, `website`, `logo`, `updated_user`, `updated_date`) VALUES
(1, 'KPP PRATAMA MALANG UTARA', 'Jalan Jaksa Agung Suprapto 29', '081377783334', '081377783334', 'malangutara@gmail.com', 'http://malangutara.com', 'djp.jpg', 1, '2018-12-13 14:44:07');

--
-- Trigger `sys_config`
--
DELIMITER $$
CREATE TRIGGER `config_update` AFTER UPDATE ON `sys_config` FOR EACH ROW BEGIN
INSERT INTO sys_audit_trail (username,action,description) VALUES (NEW.updated_user,'Update',CONCAT('<b>Update</b> data instansi pada tabel <b>sys_config</b>.<br><b>Data Lama = [Nama Instansi : </b>',OLD.nama_instansi,'<b>][Alamat : </b>',OLD.alamat,'<b>][Telepon : </b>',OLD.telepon,'<b>][Fax : </b>',OLD.fax,'<b>][Email : </b>',OLD.email,'<b>][Website : </b>',OLD.website,'<b>][Logo : </b>',OLD.logo,'<b>],<br> Data Baru = [Nama Instansi : </b>',NEW.nama_instansi,'<b>][Alamat : </b>',NEW.alamat,'<b>][Telepon : </b>',NEW.telepon,'<b>][Fax : </b>',NEW.fax,'<b>][Email : </b>',NEW.email,'<b>][Website : </b>',NEW.website,'<b>][Logo : </b>',NEW.logo,'<b>]</b>' ));
END
$$
DELIMITER ;

-- --------------------------------------------------------

--
-- Struktur dari tabel `sys_database`
--

CREATE TABLE `sys_database` (
  `dbID` int(11) NOT NULL,
  `file_name` varchar(50) NOT NULL,
  `file_size` varchar(10) NOT NULL,
  `created_user` int(11) NOT NULL,
  `created_date` timestamp NOT NULL DEFAULT CURRENT_TIMESTAMP
) ENGINE=InnoDB DEFAULT CHARSET=latin1;

--
-- Dumping data untuk tabel `sys_database`
--

INSERT INTO `sys_database` (`dbID`, `file_name`, `file_size`, `created_user`, `created_date`) VALUES
(2, '20181213_160357_database.sql.gz', '2 KB', 1, '2018-12-13 09:03:57');

--
-- Trigger `sys_database`
--
DELIMITER $$
CREATE TRIGGER `database_insert` AFTER INSERT ON `sys_database` FOR EACH ROW BEGIN
INSERT INTO sys_audit_trail (username,action,description) VALUES (NEW.created_user,'Insert',CONCAT('<b>Insert</b> data backup database pada tabel <b>sys_database</b>.<br><b>[ID : </b>',NEW.dbID,'<b>][Nama File : </b>',NEW.file_name,'<b>][Ukuran File : </b>',NEW.file_size,'<b>]</b>' ));
END
$$
DELIMITER ;

-- --------------------------------------------------------

--
-- Struktur dari tabel `sys_users`
--

CREATE TABLE `sys_users` (
  `userID` int(11) NOT NULL,
  `fullname` varchar(50) NOT NULL,
  `user_account_name` varchar(30) NOT NULL,
  `user_account_password` varchar(45) NOT NULL,
  `user_permissions` enum('Administrator','Operator') NOT NULL,
  `block_users` enum('Ya','Tidak') NOT NULL,
  `last_login` datetime DEFAULT NULL,
  `created_user` int(11) NOT NULL,
  `created_date` timestamp NOT NULL DEFAULT CURRENT_TIMESTAMP,
  `updated_user` int(11) DEFAULT NULL,
  `updated_date` datetime DEFAULT NULL
) ENGINE=InnoDB DEFAULT CHARSET=latin1 ROW_FORMAT=COMPACT;

--
-- Dumping data untuk tabel `sys_users`
--

INSERT INTO `sys_users` (`userID`, `fullname`, `user_account_name`, `user_account_password`, `user_permissions`, `block_users`, `last_login`, `created_user`, `created_date`, `updated_user`, `updated_date`) VALUES
(1, 'Herry', 'admin', '0937afa17f4dc08f3c0e5dc908158370ce64df86', 'Administrator', 'Tidak', '2019-03-14 12:52:42', 1, '2018-03-31 18:01:01', 1, '2019-03-14 12:52:42'),
(2, 'MOH AGUS SUBEKTI', '060087272', '9323514d53e4e4bf45ffc09925142cba94aa543a', 'Administrator', 'Tidak', NULL, 1, '2018-12-18 01:19:53', NULL, NULL),
(3, 'AHMAD CAHYO KARTIKO', '060107285', '8153f71e19f1b0bbcc630402193c882626799d73', 'Operator', 'Tidak', NULL, 1, '2018-12-18 01:20:39', NULL, NULL),
(4, 'HERRY SUSANTO', '060093785', '740b1b5983518937e5e426990683fb4edea2c65a', 'Operator', 'Tidak', '2018-12-26 15:35:34', 1, '2018-12-18 01:21:06', 4, '2018-12-26 15:35:34'),
(5, 'Tester', 'tester', 'adcd7048512e64b48da55b027577886ee5a36350', 'Operator', 'Tidak', '2019-03-13 00:37:48', 1, '2019-03-12 17:37:30', 5, '2019-03-13 00:37:48');

--
-- Trigger `sys_users`
--
DELIMITER $$
CREATE TRIGGER `users_insert_copy_copy` AFTER INSERT ON `sys_users` FOR EACH ROW BEGIN
INSERT INTO sys_audit_trail (username,action,description) VALUES (NEW.created_user,'Insert',CONCAT('<b>Insert</b> data user baru pada tabel <b>sys_users</b>.<br><b>[ID User : </b>',NEW.userID,'<b>][Nama User : </b>',NEW.fullname,'<b>][Username : </b>',NEW.user_account_name,'<b>][Password : </b>',NEW.user_account_password,'<b>][Hak Akses : </b>',NEW.user_permissions,'<b>][Blokir : </b>',NEW.block_users,'<b>]</b>' ));
END
$$
DELIMITER ;
DELIMITER $$
CREATE TRIGGER `users_update_copy_copy` AFTER UPDATE ON `sys_users` FOR EACH ROW BEGIN
INSERT INTO sys_audit_trail (username,action,description) VALUES (NEW.updated_user,'Update',CONCAT('<b>Update</b> data user pada tabel <b>sys_users</b>.<br><b>Data Lama = [ID User : </b>',OLD.userID,'<b>][Nama User : </b>',OLD.fullname,'<b>][Username : </b>',OLD.user_account_name,'<b>][Password : </b>',OLD.user_account_password,'<b>][Hak Akses : </b>',OLD.user_permissions,'<b>][Blokir : </b>',OLD.block_users,'<b>],<br> Data Baru = [ID User : </b>',NEW.userID,'<b>][Nama User : </b>',NEW.fullname,'<b>][Username : </b>',NEW.user_account_name,'<b>][Password : </b>',NEW.user_account_password,'<b>][Hak Akses : </b>',NEW.user_permissions,'<b>][Blokir : </b>',NEW.block_users,'<b>]</b>' ));
END
$$
DELIMITER ;

--
-- Indexes for dumped tables
--

--
-- Indeks untuk tabel `buku_tamu`
--
ALTER TABLE `buku_tamu`
  ADD PRIMARY KEY (`id`);

--
-- Indeks untuk tabel `instansi`
--
ALTER TABLE `instansi`
  ADD PRIMARY KEY (`id_instansi`);

--
-- Indeks untuk tabel `is_kotakberkas`
--
ALTER TABLE `is_kotakberkas`
  ADD PRIMARY KEY (`kode_kotakberkas`) USING BTREE,
  ADD KEY `created_user` (`created_user`) USING BTREE,
  ADD KEY `updated_user` (`updated_user`) USING BTREE;

--
-- Indeks untuk tabel `is_kotakberkas_copy`
--
ALTER TABLE `is_kotakberkas_copy`
  ADD PRIMARY KEY (`kode_kotakberkas`) USING BTREE,
  ADD KEY `created_user` (`created_user`) USING BTREE,
  ADD KEY `updated_user` (`updated_user`) USING BTREE;

--
-- Indeks untuk tabel `is_kotakberkas_copy_ori`
--
ALTER TABLE `is_kotakberkas_copy_ori`
  ADD PRIMARY KEY (`kode_kotakberkas`) USING BTREE,
  ADD KEY `created_user` (`created_user`) USING BTREE,
  ADD KEY `updated_user` (`updated_user`) USING BTREE;

--
-- Indeks untuk tabel `profile`
--
ALTER TABLE `profile`
  ADD PRIMARY KEY (`id`);

--
-- Indeks untuk tabel `surat_keluar`
--
ALTER TABLE `surat_keluar`
  ADD PRIMARY KEY (`id_surat_keluar`);

--
-- Indeks untuk tabel `surat_masuk`
--
ALTER TABLE `surat_masuk`
  ADD PRIMARY KEY (`id_surat_masuk`);

--
-- Indeks untuk tabel `surat_masuk_copy`
--
ALTER TABLE `surat_masuk_copy`
  ADD PRIMARY KEY (`id_surat_masuk`);

--
-- Indeks untuk tabel `sys_audit_trail`
--
ALTER TABLE `sys_audit_trail`
  ADD PRIMARY KEY (`ID`);

--
-- Indeks untuk tabel `sys_config`
--
ALTER TABLE `sys_config`
  ADD PRIMARY KEY (`configID`);

--
-- Indeks untuk tabel `sys_database`
--
ALTER TABLE `sys_database`
  ADD PRIMARY KEY (`dbID`);

--
-- Indeks untuk tabel `sys_users`
--
ALTER TABLE `sys_users`
  ADD PRIMARY KEY (`userID`);

--
-- AUTO_INCREMENT untuk tabel yang dibuang
--

--
-- AUTO_INCREMENT untuk tabel `buku_tamu`
--
ALTER TABLE `buku_tamu`
  MODIFY `id` int(11) NOT NULL AUTO_INCREMENT, AUTO_INCREMENT=20;

--
-- AUTO_INCREMENT untuk tabel `profile`
--
ALTER TABLE `profile`
  MODIFY `id` int(11) NOT NULL AUTO_INCREMENT;

--
-- AUTO_INCREMENT untuk tabel `sys_audit_trail`
--
ALTER TABLE `sys_audit_trail`
  MODIFY `ID` bigint(20) NOT NULL AUTO_INCREMENT, AUTO_INCREMENT=94;

--
-- Ketidakleluasaan untuk tabel pelimpahan (Dumped Tables)
--

--
-- Ketidakleluasaan untuk tabel `is_kotakberkas`
--
ALTER TABLE `is_kotakberkas`
  ADD CONSTRAINT `is_kotakberkas_ibfk_1` FOREIGN KEY (`created_user`) REFERENCES `sys_users` (`userID`) ON DELETE CASCADE ON UPDATE CASCADE,
  ADD CONSTRAINT `is_kotakberkas_ibfk_2` FOREIGN KEY (`updated_user`) REFERENCES `sys_users` (`userID`) ON DELETE CASCADE ON UPDATE CASCADE;
COMMIT;

/*!40101 SET CHARACTER_SET_CLIENT=@OLD_CHARACTER_SET_CLIENT */;
/*!40101 SET CHARACTER_SET_RESULTS=@OLD_CHARACTER_SET_RESULTS */;
/*!40101 SET COLLATION_CONNECTION=@OLD_COLLATION_CONNECTION */;
